Key,Type,Desc,English,Chinese (Simplified),French,German,Italian,Polish,Russian,Spanish,UI_Tester
TFTV_CAPTURE_DRONES_MODULE_NAME,Text,,Salvage Drones,,Drones de récupération,Bergungsdrohnen,,Drony odzysku,Грузовые Дроны,Drones de Salvamento,
TFTV_CAPTURE_DRONES_MODULE_DESCRIPTION,Text,,"A pack of autonomous retrieval drones that scour the battlefield, securing all items even when the area remains contested. All items left on the ground are collected on mission end.",,"Un groupe de drones de récupération autonomes qui parcourent le champ de bataille, récupérant tous les objets même si la zone reste contestée. Tous les objets laissés au sol sont collectés à la fin de la mission.","Ein Schwarm autonomer Bergungsdrohnen, der das Schlachtfeld absucht und alle Gegenstände sichert – auch in umkämpften Gebieten.
<b>Alle am Boden verbliebenen Gegenstände werden am Missionsende eingesammelt.</b>",,"Pakiet autonomicznych dronów odzyskujących, które przeczesują pole walki i zabezpieczają wszystkie przedmioty nawet wtedy, gdy obszar pozostaje sporny. Wszystkie przedmioty pozostawione na ziemi są zbierane po zakończeniu misji.","Рой дронов с захватами для сбора трофеев с поля боя, даже с незачищенной территории. В конце миссии все, что лежит на земле, будет подобрано!","Una bandada de drones autónomos que registran el campo de batalla, asegurando todos los objetos incluso cuando el área aún está en conflicto. Todos los objetos no asegurados se recogen al final de la misión.",
TFTV_VEHICLE_HARNESS_MODULE_NAME,Text,,Ezekiel's Dream,,Le Rêve d’Ézéchiel,Ezechiels Traum,,Sen Ezechiela,Модуль «Мечта Иезекииля»,El Sueño de Ezekiel,
TFTV_VEHICLE_HARNESS_MODULE_DESCRIPTION,Text,,A reinforced hard-point harness that lets any aircraft carry a ground vehicle as external cargo. Aircraft can carry a vehicle for 1 space less (Thunderbird can carry 2 vehicles for 1 space each).,,Un harnais renforcé à point d’ancrage rigide permettant à n’importe quel apareil de transporter un véhicule terrestre en tant que cargaison externe. Les apareils peuvent transporter un véhicule pour 1 case de moins (le Thunderbird peut transporter 2 véhicules pour 1 case chacun).,"Verstärkte Außenlast-Aufhängung, die es Fluggeräten erlaubt, Bodenfahrzeuge extern zu transportieren.
<b>Fahrzeuge benötigen 1 Platz weniger</b> (Thunderbird kann <b>2 Fahrzeuge zu je 1 Platz</b> transportieren).",,"Wzmocniona uprząż z twardymi punktami podwieszeń, która pozwala każdemu statkowi powietrznemu przewozić pojazd jako ładunek zewnętrzny. Pojazdy zajmują o 1 miejsce mniej (Thunderbird może przewozić 2 pojazdy po 1 miejscu każdy).","Усиленный грузовой захват для машин. Позволяет самолету нести машину снаружи корпуса. Машина занимает на 1 пассажиро-место меньше. (Гром-птица может нести 2 машины, по 1-му месту на каждую).",Un arnés reforzado que permite a cualquier nave aérea cargar un vehículo terrestre como carga externa. La nave puede cargar un vehículo por 1 espacio menos (El Thunderbird puede cargar 2 vehículos sin coste adicional).,
TFTV_SCANNER_MODULE_NAME,Text,,Signal Harvester,,Collecteur de signaux,Signalsammler,,Żniwiarz sygnałów,Звукоулавливатель,Segador de Señales,
TFTV_SCANNER_MODULE_DESCRIPTION,Text,,"A jumble of antenna arrays to listen in on other people's conversations. Provides SCAN ABILITY: spend 12 hours and 5 tech and 30 mat to detect Points of Interest on the Geoscape within 2000 KM (50% success rate).
Aircraft cannot move during scan.",,"Un amas d'antennes permettant d'intercepter les communications adverses. Confère la capacité SCANNER : dépensez 12 heures, 5 de technologie et 30 de matériaux pour détecter des points d'intérêt sur le Géoscape dans un rayon de 2000 km (taux de réussite de 50 %).
L'appareil ne peut pas se déplacer pendant le scan.","Ein Antennenwirrwarr, welches das verzweifelte Rauschen der Welt auffängt. Erhöht die Chance, noch nicht ganz verlorene Orte zu finden.
<b>Fähigkeit „Scannen“ mit 50% Chance, einen POI zu entdecken.</b>

<color=#E0E0E0>[BENNU]: Der Scan-Vorgang erfordert eine 12-stündige stationäre Positionierung des Fluggerätes. Dieses Verfahren ermöglicht die Aufklärung entlegener Gebiete ohne die vorherige Aktivierung lokaler Stützpunkte.</color>",,"Plątanina anten nasłuchowych do podsłuchiwania cudzych rozmów. Zapewnia umiejętność SKAN: poświęć 12 godzin oraz 5 tech i 30 mat, aby wykryć Punkty Zainteresowania na Geosferze w promieniu 2000 KM (50% szans powodzenia). Statek nie może poruszać się w trakcie skanu.","Блок из нескольких направленных микрофонов, позволяющий подслушивать чужие переговоры. Дает способность Сканировать с 50% шансом обнаружить неразведанные локации на Геоскейпе в радиусе 2000 км. Затраты: 12 часов, 5 технологий и 30 материалов.
Самолет не может двигаться во время Сканирования.","Un conjunto de antenas para escuchar conversaciones ajenas. Proporciona capacidad de escaneo, con un 50 % de probabilidad de detectar Puntos De Interés.",
TFTV_PASSENGER_MODULE_NAME,Text,,Barracuda Berths,,Lits Barracuda,Barracuda-Kojen,,Koje Barracudy,Подвесная гондола «Барракуда»,Amarres Barracuda,
TFTV_PASSENGER_MODULE_DESCRIPTION,Text,,"Reconfigures the Manticore’s hold into two extra passenger pods, at the cost of some speed. Adds 2 passenger seats, –200 Speed",,"Reconfigure la soute du Manticore en deux modules passagers supplémentaires, au prix d’une certaine vitesse. Ajoute 2 places passagers, –200 en Vitesse","Rüstet den Laderaum des Manticore mit zwei zusätzlichen Truppmodulen um – auf Kosten der Geschwindigkeit.
<b>+2 Truppplätze, -200 Geschwindigkeit</b>",,"Przebudowuje ładownię Mantikory w dwa dodatkowe kapsuły pasażerskie kosztem części prędkości. Dodaje 2 miejsca pasażerskie, -200 prędkości.","Расширяет салон Мантикоры с некоторой потерей в скорости: +2 пассажиро-места, но -200 Скорости","Reconfigura la bodega del Manticore en 2 cápsulas adicionales para pasajeros, a costa de algo de Velocidad. Añade 2 asientos para pasajeros, -200 de Velocidad.",
TFTV_CLINIC_MODULE_NAME,Text,,Neurorest Hammocks,,Hamacs Neurorepos,Neurorest,,Hamak neuroodpoczynku,Модуль «Нейро-гамаки»,Hamacas Neurorest,
TFTV_CLINIC_MODULE_DESCRIPTION,Text,,"A set of mesh slings with IV drips and brain-wave modulators, because we all deserve a natural rest. Operatives on board recover a small amount of Stamina.",,"n ensemble de hamacs en filet équipés de perfusions et de modulateurs d’ondes cérébrales, parce que nous méritons tous un repos naturel. Les unités à bord récupèrent une petite quantité d’Endurance.","Netzhängematten mit Infusionen und Hirnwellenmodulatoren – denn natürliche Erholung steht allen zu.
<b>Einheiten an Bord regenerieren langsam Ausdauer.</b>",,"Zestaw siatkowych hamaków z kroplówkami i modulatorami fal mózgowych, bo każdemu należy się naturalny odpoczynek. Operatorzy na pokładzie odzyskują niewielką ilość wytrzymałości.","Гамаки, оборудованные капельницами и нейро-модуляторами мозговых волн, идеально для спокойного отдыха! Бойцы на борту медленно восстанавливают Выносливость.","Un juego de hamacas de malla con sueros intravenosos y moduladores de ondas cerebrales, porque todos merecemos un descanso natural. Los operativos a bordo recuperan algo de energía.",
TFTV_THUNDERBIRD_GROUNDATTACK_MODULE_NAME,Text,,Lightning Strike Precision Ordnance,,Munitions de Précision Frappe Éclair,Präzisionsbewaffnung „Blitzschlag“,,Precyzyjna amunicja Lightning Strike,Ракета класса воздух-земля «Удар молнии»,Ordenanza de Ataque Relámpago Preciso,
TFTV_THUNDERBIRD_GROUNDATTACK_MODULE_DESCRIPTION,Text,,Precision-guided munitions system that allows to call down targeted explosive strikes in open air locations.,,Système de munitions à guidage de précision permettant d'ordonner des frappes explosives ciblées dans des zones à ciel ouvert.,"Präzisionsgelenktes Munitionssystem, das gezielte Sprengangriffe im offenen Gelände ermöglicht.",,"System uzbrojenia kierowanego, który pozwala wezwać precyzyjne uderzenie wybuchowe na cele znajdujące się pod otwartym niebem.","Система высокоточного оружия, позволяющая наносить управляемые фугасные удары по открытой местности.",Sistema de precisión guiadas para municiones que permite lanzar ataques explosivos en zonas al aire libre.,
TFTV_THUNDERBIRD_SCANNER_MODULE_NAME,Text,,Argus Array,,Réseau Argus,Argus-Array,,Matryca Argus,Модуль «Глаза Аргуса»,Matriz Argos,
TFTV_THUNDERBIRD_SCANNER_MODULE_DESCRIPTION,Text,,Military-grade sensor suite that enhances point-of-interest detection on the Geoscape and heightens operative perception in combat.,,Suite de capteurs de qualité militaire qui améliore la détection des points d'intérêt sur le Géoscape et accroît la perception des unités au combat.,Militärtaugliches Sensorsystem zur verbesserten Erkennung interessanter Orte auf der Geosphäre und zur Steigerung der Wahrnehmung unserer Einheiten im Gefecht.,,Wojskowy zestaw sensorów zwiększający wykrywanie punktów zainteresowania na Geosferze i podnoszący percepcję operatorów w walce.,"Набор военных датчиков, который улучшает обнаружение локаций на карте Земли и повышает Восприятие бойцов в сражениях.",Conjuntos de sensores de grado militar que resalta la detección de Puntos De Interés en la Geosfera y aumenta la percepción operativa en combate.,
TFTV_THUNDERBIRD_WORKSHOP_MODULE_NAME,Text,,Hephaestus Workshop,,Atelier d'Héphaïstos,Hephaistos-Werkstatt,,Warsztat Hefajstosa,Модуль «Кузница Гефеста»,Taller Hefesto,
TFTV_THUNDERBIRD_WORKSHOP_MODULE_DESCRIPTION,Text,,An engineering bay that repairs bionics and vehicle systems and enhances their resilience by integrating the latest technological breakthroughs.,,"Une baie d'ingénierie qui répare les systèmes cybernétiques et les véhicules, tout en améliorant leur résistance grâce à l'intégration des dernières avancées technologiques.","Ingenieurbereich zur Reparatur von Bionik- und Fahrzeugsystemen.
<b>Erhöht die Widerstandsfähigkeit durch Integration modernster Technologiedurchbrüche.</b>",,"Przedział inżynieryjny, który naprawia bionikę i systemy pojazdów oraz zwiększa ich wytrzymałość dzięki wykorzystaniu najnowszych przełomów technologicznych.","Инженерный отсек для ремонта аугментаций и машин, а также внедрения последних технических новинок.",Un taller de ingeniería que repara biónicos y sistemas de vehículos. Aumenta la resiliencia al integrar los últimos avances de tecnología de vanguardia.,
TFTV_THUNDERBIRD_RANGE_MODULE_NAME,Text,,Daedalus Overdrive Suite,,Module de suralimentation Daedalus,Daedalus-Overdrive-System,,Pakiet dopalaczy Dedala,Модуль «Ускоритель Дедала»,Sistema Dédalo de Impulso Avanzado Automatizado,
TFTV_THUNDERBIRD_RANGE_MODULE_DESCRIPTION,Text,,"An automation-driven overdrive package that installs redundant subsystems and precision diagnostics, leveraging advanced automation to maximize range, speed, and airframe resilience.",,"Un ensemble de suralimentation piloté par automatisation qui installe des sous-systèmes redondants et des diagnostics de précision, exploitant l'automatisation avancée pour maximiser la portée, la vitesse et la résilience de la cellule de l'appareil.","Automatisiertes Überlastungspaket mit redundanten Subsystemen und Präzisionsdiagnostik.
<b>Maximiert Reichweite, Geschwindigkeit und Strukturstabilität des Fluggeräts.</b>",,"Pakiet dopalaczy oparty na automatyzacji, instalujący redundantne podsystemy i precyzyjną diagnostykę, aby zmaksymalizować zasięg, prędkość i wytrzymałość płatowca.","Комплекс автоматизированных резервных и диагностических систем для максимального увеличения дальности, скорости и прочности самолета.","Un sistema de impulso automatizado que incorpora subsistemas redundantes y diagnósticos de alta precisión, empleando automatización avanzada para maximizar alcance operativo, velocidad y robustez estructural de la aeronave.",
TFTV_HELIOS_MISTREPELLER_MODULE_NAME,Text,,Boreas Purger,,Purificateur Boreas,Boreas-Reiniger,,Czyściciel Boreasza,Модуль «Дыхание Борея»,Purgador Boreal,
TFTV_HELIOS_MISTREPELLER_MODULE_DESCRIPTION,Text,,"A variant of the Mist Repeller designed to be aircraft mounted. During tactical missions, every turn 50% of Mist on the map dissipates and no automatic +1 Delirium for starting mission in a Delirium Area.",,Une variante du Répulseur de brume conçue pour être montée sur apareil.,Eine für Fluggeräte angepasste Variante des Nebelabweisers.,,Wariant Odpędzacza Mgły zaprojektowany do montażu na statku powietrznym.,Авиационный анти-Туманный модуль. Во время боя каждый ход 50% Тумана на карте рассеивается. При начале миссии юниты не получают автоматическое +1 Сонное Безумие.,Una variante del Repelente de Niebla diseñado para acoplarse a la nave.,
TFTV_HELIOS_STEALTH_MODULE_NAME,Text,,Proteus Matrix,,Matrice Proteus,Proteus-Matrix,,Matryca Proteusza,Модуль «Матрица Протея»,Matriz de Proteo,
TFTV_HELIOS_STEALTH_MODULE_DESCRIPTION,Text,,"An AI that forecasts optimal concealment tactics and likely threat vectors to guide operatives. Its predictive accuracy naturally degrades over time, capping its benefits to the mission’s opening phase.",,"Une IA qui prévoit les tactiques de camouflage optimales et les vecteurs de menace probables pour guider les agents. Sa précision prédictive se dégrade naturellement avec le temps, limitant ses avantages à la phase initiale de la mission.","KI zur Prognose von Tarnmanövern und feindlichen Bewegungen.
Die Präzision nimmt stetig ab und der Nutzen ist auf die Anfangsphase begrenzt.",,"SI przewidująca optymalne taktyki skrytości i prawdopodobne wektory zagrożeń, by wspierać operatorów. Jej trafność predykcji naturalnie spada z czasem, ograniczając korzyści do początkowej fazy misji.","ИИ, который обеспечивает маскировку и прогнозирует вероятные направления угроз, помогая бойцам на начальном этапе миссии. В дальнейшем точность его прогнозов естественным образом снижается.","Una IA que pronostica las tácticas de ocultación óptimas y las amenazas más probables para guiar a los operativos. Su capacidad predictiva se degrada con el tiempo, limitando sus beneficios a la fase de apertura de la misión.",
TFTV_HELIOS_HEALING_MODULE_NAME,Text,,Panacea Nexus,,Panacea Nexus,Panacea-Regenerationsmodul,,Węzeł Panacei,Модуль «Объятия Панацеи»,Panacea Nexus,
TFTV_HELIOS_HEALING_MODULE_DESCRIPTION,Text,,A bio-nanite infusion chamber that bathes operatives in regenerative swarms and primes them for battle.,,Une chambre d'infusion de bio-nanites qui baigne les agents dans des essaims régénérateurs et les prépare au combat.,"Bio-Naniten-Infusionsmodul, das Einheiten in regenerative Schwärmen hüllt und sie auf den Kampf vorbereitet.",,"Komora infuzji bionanitów, która kąpie operatorów w rojach regeneracyjnych i przygotowuje ich do walki.",Камера-ванная с регенеративными био-нанитами для подготовки бойцов к сражению.,Una cámara de infusión de bio-nanitos que baña a los operativos en enjambres regenerativos y los prepara para la batalla.,
TFTV_HELIOS_SPEED_MODULE_RESEARCH_BENEFIT_0,Text,,Helios Engine upgrade: Overclocked Fusion Catalyst +100 Speed,,Amélioration de moteur Helios : Catalyseur de fusion surcadencé +100 Vitesse,Helios-Triebwerksupgrade: Übertakteter Fusionskatalysator +100 Geschwindigkeit,,Ulepszenie silnika Heliosa: Nadtaktowany katalizator fuzyjny +100 prędkości,Апгрейд для двигателя Гелиоса (Разгоночный Катализатор Синтеза): +100 к скорости,Mejora del Motor Helios: Aumento de frecuencia de Fusión del Catalizador +100 Velocidad,
TFTV_HELIOS_SPEED_MODULE_RESEARCH_BENEFIT_1,Text,,Helios Engine upgrade: Magnetic Plasma Vortex Nozzles +100 Speed,,Amélioration de moteur Helios : Tuyères à vortex de plasma magnétique +100 Vitesse,Helios-Triebwerksupgrade: Magnetische Plasmawirbel-Düsen +100 Geschwindigkeit,,Ulepszenie silnika Heliosa: Magnetyczne dysze plazmowego wiru +100 prędkości,Апгрейд для двигателя Гелиоса (Вихревые Магнитоплазменные Сопла): +100 к скорости,Mejora del Motor Helios: Boquillas de Vórtice de Plasma Magnético +100 Velocidad,
TFTV_HELIOS_SPEED_MODULE_RESEARCH_BENEFIT_2,Text,,Helios Engine upgrade: Icarus Net +100 Speed,,Amélioration de moteur Helios : Filet d'Icare +100 Vitesse,Helios-Triebwerksupgrade: Ikarus-Netz +100 Geschwindigkeit,,Ulepszenie silnika Heliosa: Sieć Ikara +100 prędkości,Апгрейд для двигателя Гелиоса (Сеть Икара): +100 к скорости,Mejora del Motor Helios: Red Ícaro +100 Velocidad,
TFTV_HELIOS_SPEED_MODULE_RESEARCH_BENEFIT_3,Text,,Helios Engine upgrade: Gravitic Resonance Assist +100 Speed,,Amélioration de moteur Helios : Assistance par résonance gravitique +100 Vitesse,Helios-Triebwerksupgrade: Gravitische Resonanzunterstützung +100 Geschwindigkeit,,Ulepszenie silnika Heliosa: Wspomaganie rezonansem grawitycznym +100 prędkości,Апгрейд для двигателя Гелиоса (Гравитационный Резонансный Ускоритель): +100 к скорости,Mejora del Motor Helios: Asistencia de Resonancia Gravitacional +100 Velocidad,
TFTV_BLIMP_WP_MODULE_NAME,Text,,Sanctum of the Veil,,Sanctuaire du Voile,Heiligtum des Schleiers,,Sanktuarium Zasłony,Модуль «Святилище Вуали»,Santuario del Velo,
TFTV_BLIMP_WP_MODULE_DESCRIPTION,Text,,Aetheric chamber that prepares the Anointed for symbiosis with the Mist.,,Une chambre éthérique qui prépare les élus à la symbiose avec le Brouillard.,Ätherische Kammer zur Vorbereitung der Gesalbten auf die Symbiose mit dem Nebel.,,Eteryczna komora przygotowująca Namaszczonych do symbiozy z Mgłą.,Эфирная камера для подготовки Последователей к симбиозу с Туманом.,Cámara etérica que prepara al Ungido para la simbiosis con la Niebla.,
TFTV_BLIMP_MUTOG_PEN_MODULE_NAME,Text,,Mutog Menagerie,,Centre de confinement pour Mutogs,Menagerie der Mutogs,,Menadżeria Mutogów,Клетка для Мутога,Casa de las bestias,
TFTV_BLIMP_MUTOG_PEN_MODULE_DESCRIPTION,Text,,A space-saving organic containment module. Aircraft may carry and deploy up to 2 Mutogs for 1 space each.,,"Un module de confinement organique conçu pour optimiser l'espace. Les apareils peuvent transporter et déployer jusqu'à 2 Mutogs, chacun occupant 1 emplacement.","Platzsparendes organisches Eindämungsmodul.
<b>Fluggeräte können bis zu 2 Mutogs transportieren und einsetzen (je 1 Platz).</b>",,Oszczędzający miejsce organiczny moduł przechowywania. Statek może przewozić i wystawiać do 2 Mutogów po 1 miejscu każdy.,"Компактный органический изолятор. Самолет может перевозить и размещать до двух Мутогов, по 1-му месту на каждого.",Un módulo de contención orgánica que ahorra espacio. Las aeronaves pueden transportar y desplegar hasta 2 Mutogs por 1 espacio cada una.,
TFTV_BLIMP_MUTATIONLAB_MODULE_NAME,Text,,Conservatory of Transmutation,,Conservatoire de Transmutation,Hort der Transmutation,,Konserwatorium Transmutacji,Модуль «Обитель Трансмутации»,Conservatorio de Transmutación,
TFTV_BLIMP_MUTATIONLAB_MODULE_DESCRIPTION,Text,,"Biotic conservatory that nurtures the Anointed, healing wounds and restoring vigor.",,"Conservatoire biotique qui soigne les élus, pansant leurs blessures et restaurant leur vigueur.","Ein biotischer Hort, der die Gesalbten nährt, Wunden heilt und die Lebenskraft erneuert.",,"Biotyczne konserwatorium troszczące się o Namaszczonych, leczące rany i przywracające wigor.","Биотическая оранжерея, которая питает Последователей, залечивая раны и восстанавливая силы.","Conservatorio biótico que nutre al Ungido, sanando heridas y devolviéndole vigor.",
TFTV_BLIMP_SPEED_MODULE_NAME,Text,,Bioflux Assimilator,,Assimilateur de Bioflux,Bioflux-Assimilator,,Asymilator biofluksu,Модуль «Ассимилятор Биопотока»,Asimilador de Bioflujo,
TFTV_BLIMP_SPEED_MODULE_DESCRIPTION,Text,,"A living engine graft that scavenges and metabolizes microscopic biomatter from the Mist, digesting Mist-borne organics into raw thrust.",,"Une greffe de moteur vivant qui récupère et métabolise la biomatière microscopique du Brouillard, digérant les organismes en suspension pour les convertir en poussée brute.","Organisches Triebwerk, das mikroskopische Biomasse aus dem Nebel verwertet.
<b>Wandelt organische Materie aus dem Nebel in Schub um.</b>",,"Żywy przeszczep silnikowy, który wychwytuje i metabolizuje mikroskopijną biomasę z Mgły, trawiąc zawieszoną w niej materię organiczną na czysty ciąg.","Живой трансплантат двигателя, который собирает и перерабатывает микроскопическую биоматерию из Тумана, превращая органику Тумана в чистую тягу.","Un injerto de motor viviente que recolecta y metaboliza biomateria microscópica de la Niebla, digiriendo los compuestos orgánicos transportados por la Niebla y convirtiéndolos en empuje puro.",
TFTV_CLINIC_BONUS,Text,,Slowly recovers Stamina of characters on board,,Récupère lentement l'endurance des personnages à bord.,Stellt langsam die Ausdauer der Einsatzkräfte an Bord wieder her.,,Powoli przywraca wytrzymałość postaciom na pokładzie,Медленно восстанавливает Выносливость пассажиров на борту,Los personajes recuperan Aguante lentamente.,
KEY_FS_NJ_CRUISE_CONTROL_MODULE_NAME,Text,,Junker Jet Engine,,Moteur à réaction de bric-et-broc,Junker-Strahltriebwerk,,Odrzutnik złomiarzy,Реактивный тракторный движок,Motor a reacción Junker,
KEY_FS_NJ_CRUISE_CONTROL_MODULE_DESCRIPTION,Text,,They can go on planes too! Adds +150 Speed,,Ils s'adaptent aussi sur les appareils ! Ajoute +150 Vitesse,"Kann auch an Fluggeräte montiert werden!
<b>+150 Geschwindigkeit</b>",,Można je montować także w samolotach! Dodaje +150 prędkości,Они годятся и для самолетов! Дает +150 к скорости,¡Se pueden acoplar a los aeronaves! Añade +150 de Velocidad,
KEY_FS_NJ_FUEL_TANK_MODULE_NAME,Text,,Omni Tank,,Omni-réservoir,Universaltank,,Omni-zbiornik,Универсальный Реактор,Omnitanque,
KEY_FS_NJ_FUEL_TANK_MODULE_DESCRIPTION,Text,,"Fill it up with anything you need to power your aircraft: gas, biomass, fissionable materials, pixie dust. Adds +1000 Range",,"Remplissez-le avec tout ce dont vous avez besoin pour alimenter votre apareil : essence, biomasse, matières fissiles ou même de la poussière de fée. Ajoute +1000 Portée.","Befüllbar mit allem, was ein Fluggerät antreibt: Treibstoff, Biomasse, spaltbare Materialien, Feenstaub.
<b>+1000 Reichweite</b>",,"Napełnij go czym chcesz, żeby zasilić statek: gazem, biomasą, materiałami rozszczepialnymi, pyłkiem wróżek. Dodaje +1000 zasięgu","Заполните его чем угодно для питания вашего самолета: газом, биомассой, радиоактивными материалами, волшебной пыльцой. Дает +1000 к расстоянию перелета","Llénalo hasta arriba con lo que necesites para activar la aeronave: gasofa, biomasa, materiales fisionables, polvo pixie. Añade +1000 de Rango.",
TFTV_THUNDERBIRD_GAW_ABILITY_NAME,Text,,Call Fire Support,,Soutien tactique,Feuerunterstützung anfordern,,Wezwij wsparcie ogniowe,Вызвать огневую поддержку,Llama a fuego de apoyo,
TFTV_THUNDERBIRD_GAW_ABILITY_DESCRIPTION,Text,,Launches guided munitions towards target area.,,Lance des munitions guidées vers la zone cible.,Startet gelenkte Munition auf das Zielgebiet.,,Wystrzeliwuje naprowadzaną amunicję w kierunku wybranego obszaru.,Запускает управляемые ракеты в целевой район.,Lanza municiones guiadas hacia el área seleccionada.,
TFTV_BLIMP_SPEED_RESEARCH_BENEFIT,Text,,"Aircraft speed through Mist +150, aircraft maintenance loss reduced by 25%",,"Vitesse de l'apareil dans le Brouillard +150, perte de maintenance de l'apareil réduite de 25 %.","Fluggeschwindigkeit im Nebel <b>+150 Geschwindigkeit, Wartungsverlust −25%</b>",,"Prędkość statku w Mgle +150, utrata sprawności przez eksploatację zmniejszona o 25%","Скорость самолета в Тумане +150, стоимость обслуживания меньше на 25%","La Velocidad de la Aeronave a través de la Niebla +150, su Mantenimiento se reduce un 25%.",
TFTV_BLIMP_MUTOG_PEN_MODULE_RESEARCH_NAME,Text,,Mutog Menagerie,,Centre de confinement pour Mutogs,Menagerie der Mutogs,,Menadżeria Mutogów,Подвесная клетка для Мутогов,Casa de las bestias,
TFTV_BLIMP_MUTOG_PEN_MODULE_RESEARCH_REVEAL,Text,,A space-saving organic containment module. Aircraft may carry and deploy up to 2 Mutogs for 1 space each.,,"Un module de confinement organique conçu pour optimiser l'espace. Les apareils peuvent transporter et déployer jusqu'à 2 Mutogs, chacun n'occupant qu'1 emplacement.","Platzsparendes organisches Eindämungsmodul.
<b>Fluggeräte können bis zu 2 Mutogs transportieren und einsetzen (je 1 Platz).</b>",,Oszczędzający miejsce organiczny moduł przechowywania. Statek może przewozić i wystawiać do 2 Mutogów po 1 miejscu każdy.,"Наружный модуль-клетка. Самолет может перевозить и десантировать до двух Мутогов, каждый из которых занимает по одному пассажирскому месту.",Una unidad de contención que ahorra espacio. La Aeronave pueda cargar y descargar hasta 2 Mutogs en el espacio de 1.,
TFTV_BLIMP_MUTOG_PEN_MODULE_RESEARCH_UNLOCK,Text,,A space-saving organic containment module. Aircraft may carry and deploy up to 2 Mutogs for 1 space each.,,"Un module de confinement organique conçu pour optimiser l'espace. Les apareils peuvent transporter et déployer jusqu'à 2 Mutogs, chacun n'occupant qu'1 emplacement.","Platzsparendes organisches Eindämungsmodul.
<b>Fluggeräte können bis zu 2 Mutogs transportieren und einsetzen (je 1 Platz).</b>",,Oszczędzający miejsce organiczny moduł przechowywania. Statek może przewozić i wystawiać do 2 Mutogów po 1 miejscu każdy.,"Наружный модуль-клетка. Самолет может перевозить и десантировать до двух Мутогов, каждый из которых занимает по одному пассажирскому месту.",Una unidad de contención que ahorra espacio. La Aeronave pueda cargar y descargar hasta 2 Mutogs en el espacio de 1.,
TFTV_BLIMP_MUTOG_PEN_MODULE_RESEARCH_COMPLETE,Text,,Mutog Menagerie complete.,,Recherche « Centre de confinement pour Mutogs » terminée.,Menagerie der Mutogs abgeschlossen.,,Badania Menadżerii Mutogów ukończone.,Подвесная клетка для Мутогов разработана.,Casas de las bestias completada.,
TFTV_BLIMP_MUTOG_PEN_MODULE_RESEARCH_BENEFITS,Text,,Allows manufacturing a module that allows carrying 2 Mutogs for 1 space on the Anu Blimp.,,Permet de fabriquer un module capable de transporter 2 Mutogs pour seulement 1 emplacement à bord du Dirigeable d'Anu.,"Ermöglicht die Herstellung eines Moduls, das den Transport von <b>2 Mutogs für 1 Platz</b> im <b>Anu-Luftschiff</b> erlaubt.",,Pozwala produkować moduł umożliwiający przewożenie 2 Mutogów za 1 miejsce na sterowcu Anu.,"Можно построить модуль, позволяющий перевозить до двух Мутогов на Тиамате Последователей Ану.",Permite la construcción de un módulo que permite la carga de 2 Mutogs en el espacio de 1 la nave de Anu.,
TFTV_VEHICLE_HARNESS_MODULE_RESEARCH_NAME,Text,,Ezekiel's Dream,,Le Rêve d’Ézéchiel,Ezechiels Traum,,Sen Ezechiela,Модуль «Мечта Иезекииля»,El Sueño de Ezekiel,
TFTV_VEHICLE_HARNESS_MODULE_RESEARCH_REVEAL,Text,,A reinforced hard-point harness that lets any aircraft carry a ground vehicle as external cargo. Aircraft can carry a vehicle for 1 space less (Thunderbird can carry 2 vehicles for 1 space each).,,Un harnais à points d'ancrage renforcés qui permet à n'importe quel apareil de transporter un véhicule terrestre en tant que cargaison externe. Les apareils peuvent transporter un véhicule pour 1 emplacement de moins (le Thunderbird peut ainsi transporter 2 véhicules occupant 1 emplacement chacun).,"Verstärkte Außenlast-Aufhängung, die es Fluggeräten erlaubt, Bodenfahrzeuge extern zu transportieren.
<b>Fahrzeuge benötigen 1 Platz weniger</b> (Thunderbird kann <b>2 Fahrzeuge zu je 1 Platz</b> transportieren).",,"Wzmocniona uprząż z twardymi punktami podwieszeń, która pozwala każdemu statkowi powietrznemu przewozić pojazd jako ładunek zewnętrzny. Pojazdy zajmują o 1 miejsce mniej (Thunderbird może przewozić 2 pojazdy po 1 miejscu każdy).","Усиленный грузовой захват для машин. Позволяет самолету нести машину снаружи корпуса. Машина занимает на 1 пассажиро-место меньше. (Гром-птица может нести 2 машины, по 1-му месту на каждую).",Un arnés reforzado que permite a cualquier nave aérea cargar un vehículo terrestre como carga externa. La nave puede cargar un vehículo por 1 espacio menos (El Thunderbird puede cargar 2 vehículos sin coste adicional).,
TFTV_VEHICLE_HARNESS_MODULE_RESEARCH_UNLOCK,Text,,A reinforced hard-point harness that lets any aircraft carry a ground vehicle as external cargo. Aircraft can carry a vehicle for 1 space less (Thunderbird can carry 2 vehicles for 1 space each).,,Un harnais à points d'ancrage renforcés qui permet à n'importe quel apareil de transporter un véhicule terrestre en tant que cargaison externe. Les apareils peuvent transporter un véhicule pour 1 emplacement de moins (le Thunderbird peut ainsi transporter 2 véhicules occupant 1 emplacement chacun).,"Verstärkte Außenlast-Aufhängung, die es Fluggeräten erlaubt, Bodenfahrzeuge extern zu transportieren.
<b>Fahrzeuge benötigen 1 Platz weniger</b> (Thunderbird kann <b>2 Fahrzeuge zu je 1 Platz</b> transportieren).",,"Wzmocniona uprząż z twardymi punktami podwieszeń, która pozwala każdemu statkowi powietrznemu przewozić pojazd jako ładunek zewnętrzny. Pojazdy zajmują o 1 miejsce mniej (Thunderbird może przewozić 2 pojazdy po 1 miejscu każdy).","Усиленный грузовой захват для машин. Позволяет самолету нести машину снаружи корпуса. Машина занимает на 1 пассажиро-место меньше. (Гром-птица может нести 2 машины, по 1-му месту на каждую).",Un arnés reforzado que permite a cualquier nave aérea cargar un vehículo terrestre como carga externa. La nave puede cargar un vehículo por 1 espacio menos (El Thunderbird puede cargar 2 vehículos sin coste adicional).,
TFTV_VEHICLE_HARNESS_MODULE_RESEARCH_COMPLETE,Text,,Ezekiel's Dream research complete.,,Recherche « Le Rêve d'Ézéchiel » terminée.,Ezekiels Traum – Forschung abgeschlossen.,,Badania nad Snem Ezechiela ukończone.,Модуль «Мечта Иезекииля» исследован.,Investigación del Sueño de Ezekiel completada.,
TFTV_VEHICLE_HARNESS_MODULE_RESEARCH_BENEFITS,Text,,Allows manufacturing a module that reduces space used by vehicles on aircraft,,Permet de fabriquer un module qui réduit l'espace occupé par les véhicules à bord des apareils.,"Ermöglicht die Herstellung eines Moduls, das den Platzbedarf von Fahrzeugen in Fluggeräten reduziert.",,Pozwala produkować moduł zmniejszający liczbę miejsc zajmowanych przez pojazdy w statkach powietrznych,"Можно построить модуль, который уменьшает место, занимаемое машинами на борту самолета.",Permite la construcción de un módulo que reduce el espacio requerido para cargar vehículos en la Aeronave.,
Geoscape/KEY_AIRCRAFT_STATS_DURABILITY,Text,,OPS HOURS,,HEURES D'OPÉRATIONS,FLUGDIENST,,GODZINY OPERACYJNE,ЧАСЫ РАБОТЫ,HORAS DE OPERACIÓN,
DLC 3 - Behemoth/KEY_DLC3_HULL_POINTS,Text,,CONDITION,,ÉTAT,ZUSTAND,,STAN,СОСТОЯНИЕ,CONDICIÓN,
TFTV_KEY_TIER,Text,,Tier,,Rang,Stufe,,Poziom,Уровень,Tier,
KEY_GEO_SCANNER_UNAVAILABLE,Text,,Area Scan already in progress.,,Scan de zone déjà en cours.,Gebietsscan bereits im Gange.,,Skanowanie obszaru jest już w toku.,Сканирование области уже идет.,Escaneo del Área ya está en proceso.,
TFTV_BLIMP_SPEED_MODULE_BENEFIT_1_SINGLE,Text,,"• Aircraft speed through Mist increased by 150, aircraft maintenance loss reduced by 25% (TIER 1).",,"• Vitesse des appareils dans la Brume augmentée de 150, coûts d'entretien réduits de 25% (NIVEAU 1).","• Fluggerätgeschwindigkeit im Nebel um 150 erhöht, Wartungsverlust um 25% reduziert (STUFE 1).",,"• Prędkość statku w Mgle zwiększona o 150, utrata sprawności przez eksploatację zmniejszona o 25% (POZIOM 1).","• Скорость самолета сквозь Туман увеличена на 150, стоимость обслуживания самолета снижена на 25% (УРОВЕНЬ 1).",,
TFTV_BLIMP_SPEED_MODULE_BENEFIT_2_SINGLE,Text,,"• Aircraft speed through Mist increased by 300, aircraft maintenance loss reduced by 50% (TIER 2).",,"• Vitesse des appareils dans la Brume augmentée de 300, coûts d'entretien réduits de 50% (NIVEAU 2).","• Fluggerätgeschwindigkeit im Nebel um 300 erhöht, Wartungsverlust um 50% reduziert (STUFE 2).",,"• Prędkość statku w Mgle zwiększona o 300, utrata sprawności przez eksploatację zmniejszona o 50% (POZIOM 2).","• Скорость самолета сквозь Туман увеличена на 300, стоимость обслуживания самолета снижена на 50% (УРОВЕНЬ 2).",,
TFTV_BLIMP_SPEED_MODULE_BENEFIT_3_SINGLE,Text,,"• Aircraft speed through Mist increased by 450, aircraft maintenance loss reduced by 75% (TIER 3).",,"• Vitesse des appareils dans la Brume augmentée de 450, coûts d'entretien réduits de 75% (NIVEAU 3).","• Fluggerätgeschwindigkeit im Nebel um 450 erhöht, Wartungsverlust um 75% reduziert (STUFE 3).",,"• Prędkość statku w Mgle zwiększona o 450, utrata sprawności przez eksploatację zmniejszona o 75% (POZIOM 3).","• Скорость самолета сквозь Туман увеличена на 450, стоимость обслуживания самолета снижена на 75% (УРОВЕНЬ 3).",,
TFTV_BLIMP_SPEED_MODULE_BENEFIT_4_SINGLE,Text,,"• Aircraft speed through Mist increased by 600, aircraft maintenance loss reduced by 100% (TIER 4).",,"• Vitesse des appareils dans la Brume augmentée de 600, coûts d'entretien réduits de 100% (NIVEAU 4).","• Fluggerätgeschwindigkeit im Nebel um 600 erhöht, Wartungsverlust um 100% reduziert (STUFE 4).",,"• Prędkość statku w Mgle zwiększona o 600, utrata sprawności przez eksploatację zmniejszona o 100% (POZIOM 4).","• Скорость самолета сквозь Туман увеличена на 600, стоимость обслуживания самолета снижена на 100% (УРОВЕНЬ 4).",,
TFTV_BLIMP_WP_MODULE_BENEFIT_ANU_MutationTech,Text,,• Ward of Resolve: Characters with at least one mutation no longer lose WP in the Mist.,,• Sceau de Volonté : Les personnages ayant au moins une mutation ne perdent plus de PVol dans la Brume.,• Schutz der Entschlossenheit: Einheiten mit mindestens einer Mutation verlieren im Nebel keine Willenspunkte mehr.,,• Osłona Determinacji: postacie z co najmniej jedną mutacją nie tracą już PW we Mgle.,• Оберег Решимости: персонажи с хотя бы 1-й мутацией больше не теряют Очки Воли в Тумане.,,
TFTV_BLIMP_WP_MODULE_BENEFIT_ANU_MutationTech2,Text,,• Blessing of Clarity: Characters with at least one mutation regain WP in the Mist and suffer reduced sight penalties.,,• Bénédiction de Clarté : Les personnages ayant au moins une mutation récupèrent des PVol dans la Brume et subissent des malus de vision réduits.,• Segen der Klarheit: Einheiten mit mindestens einer Mutation regenerieren im Nebel Willenspunkte und erleiden geringere Sicht-Mali.,,• Błogosławieństwo Jasności: postacie z co najmniej jedną mutacją odzyskują PW we Mgle i cierpią na mniejsze kary do widzenia.,• Благословение Ясности: персонажи с хотя бы 1-й мутацией восстанавливают Очки Воли в Тумане и получают уменьшенные штрафы обзора.,,
TFTV_BLIMP_WP_MODULE_BENEFIT_ANU_MutationTech3,Text,,• Eye of Anu: Characters with at least one mutation can see through the Mist like Pandorans.,,• Oeil d'Anu : Les personnages ayant au moins une mutation peuvent voir à travers la Brume comme les Pandoriens.,• Auge des Anu: Einheiten mit mindestens einer Mutation können durch den Nebel sehen wie Pandoraner.,,• Oko Anu: postacie z co najmniej jedną mutacją widzą przez Mgłę jak Pandoranie.,• Глаз Ану: персонажи с хотя бы 1-й мутацией видят сквозь Туман как Пандораны.,,
TFTV_BLIMP_WP_MODULE_BENEFIT_ANU_AnuPriest,Text,,• Shroud of Paradox: Non-Pandorans that touch Mist become revealed,,• Voile du Paradoxe : Les non-Pandoriens qui entrent en contact avec la Brume sont révélés.,"• Schleier des Paradoxons: Nicht-Pandoraner, die den Nebel berühren, werden aufgedeckt.",,"• Zasłona Paradoksu: nie-Pandoranie, którzy dotkną Mgły, zostają ujawnieni","• Пелена Парадокса: не-Пандораны, коснувшиеся Тумана, становятся обнаруженными.",,
TFTV_BLIMP_MUTATIONLAB_MODULE_BENEFIT_1_SINGLE,Text,,"• Heals operatives with at least one mutation, Mutoids, and Mutogs, and recovers their Stamina (TIER 1).",,"• Soigne les agents ayant au moins une mutation, les Mutogènes et les Mutogs, et restaure leur Endurance (NIVEAU 1).","• Heilt Einheiten mit mindestens einer Mutation, Mutoide und Mutogs und stellt ihre Ausdauer wieder her (STUFE 1).",,"• Leczy operatorów z co najmniej jedną mutacją, Mutoidów i Mutogi oraz przywraca im wytrzymałość (POZIOM 1).","• Лечит бойцов с хотя бы 1-й мутацией, Мутоидов и Мутогов, и восстанавливает их Выносливость (УРОВЕНЬ 1).",,
TFTV_BLIMP_MUTATIONLAB_MODULE_BENEFIT_2_SINGLE,Text,,"• Heals operatives with at least one mutation, Mutoids, and Mutogs, and recovers their Stamina faster (TIER 2).",,"• Soigne les agents ayant au moins une mutation, les Mutogènes et les Mutogs, et restaure leur Endurance plus rapidement (NIVEAU 2).","• Heilt Einheiten mit mindestens einer Mutation, Mutoide und Mutogs und stellt ihre Ausdauer schneller wieder her (STUFE 2).",,"• Leczy operatorów z co najmniej jedną mutacją, Mutoidów i Mutogi oraz szybciej przywraca im wytrzymałość (POZIOM 2).","• Лечит бойцов с хотя бы 1-й мутацией, Мутоидов и Мутогов, и быстро восстанавливает их Выносливость (УРОВЕНЬ 2).",,
TFTV_BLIMP_MUTATIONLAB_MODULE_BENEFIT_3_SINGLE,Text,,"• Heals operatives with at least one mutation, Mutoids, and Mutogs, and recovers their Stamina fastest (TIER 3).",,,,,,"• Лечит бойцов с хотя бы 1-й мутацией, Мутоидов и Мутогов, и очень быстро восстанавливает их Выносливость (УРОВЕНЬ 3).",,
TFTV_HELIOS_STEALTH_MODULE_BENEFIT_1_SINGLE,Text,,• Operatives gain +10% Stealth and +5 Perception during the first 3 turns of the mission (TIER 1).,,• Les agents gagnent +10 % de Discrétion et +5 de Perception durant les 3 premiers tours de la mission (NIVEAU 1).,• Einheiten erhalten in den ersten 3 Missionsrunden +10% Tarnung und +5 Wahrnehmung (STUFE 1).,,• Operatorzy zyskują +10% skrytości i +5 percepcji przez pierwsze 3 tury misji (POZIOM 1).,• Бойцы получают +10% к Скрытности и +5 к Восприятию первые 3 хода миссии (УРОВЕНЬ 1).,,
TFTV_HELIOS_STEALTH_MODULE_BENEFIT_2_SINGLE,Text,,• Operatives gain +30% Stealth and +5 Perception during the first 3 turns of the mission (TIER 2).,,• Les agents gagnent +30 % de Discrétion et +5 de Perception durant les 3 premiers tours de la mission (NIVEAU 2).,• Einheiten erhalten in den ersten 3 Missionsrunden +30% Tarnung und +5 Wahrnehmung (STUFE 2).,,• Operatorzy zyskują +30% skrytości i +5 percepcji przez pierwsze 3 tury misji (POZIOM 2).,• Бойцы получают +30% к Скрытности и +5 к Восприятию первые 3 хода миссии (УРОВЕНЬ 2).,,
TFTV_HELIOS_STEALTH_MODULE_BENEFIT_3_SINGLE,Text,,• Operatives gain +30% Stealth and +15 Perception during the first 3 turns of the mission (TIER 3).,,• Les agents gagnent +30 % de Discrétion et +15 de Perception durant les 3 premiers tours de la mission (NIVEAU 3).,• Einheiten erhalten in den ersten 3 Missionsrunden +30% Tarnung und +15 Wahrnehmung (STUFE 3).,,• Operatorzy zyskują +30% skrytości i +15 percepcji przez pierwsze 3 tury misji (POZIOM 3).,• Бойцы получают +30% к Скрытности и +15 к Восприятию первые 3 хода миссии (УРОВЕНЬ 3).,,
TFTV_HELIOS_STEALTH_MODULE_BENEFIT_4_SINGLE,Text,,• Operatives gain +50% Stealth and +15 Perception during the first 3 turns of the mission (TIER 4).,,• Les agents gagnent +50 % de Discrétion et +15 de Perception durant les 3 premiers tours de la mission (NIVEAU 4).,• Einheiten erhalten in den ersten 3 Missionsrunden +50% Tarnung und +15 Wahrnehmung (STUFE 4).,,• Operatorzy zyskują +50% skrytości i +15 percepcji przez pierwsze 3 tury misji (POZIOM 4).,• Бойцы получают +50% к Скрытности и +15 к Восприятию первые 3 хода миссии (УРОВЕНЬ 4).,,
TFTV_HELIOS_HEALING_MODULE_BENEFIT_1_SINGLE,Text,,• Operatives heal and recover Stamina (TIER 1).,,• Les agents se soignent et récupèrent de l'Endurance (NIVEAU 1).,• Einheiten heilen und regenerieren Ausdauer (STUFE 1).,,• Operatorzy leczą się i odzyskują wytrzymałość (POZIOM 1).,• Бойцы лечатся и восстанавливают Выносливость (УРОВЕНЬ 1).,,
TFTV_HELIOS_HEALING_MODULE_BENEFIT_SYN_Rover,Text,,"• Provides Nanotech Resistance (negates first application of Fire, Acid, Poison, or Virus).",,"• Offre une Résistance Nanotechnologique (annule la première application de Feu, d'Acide, de Poison ou de Virus).","• Gewährt Nanotechnik-Resistenz (negiert die erste Anwendung von Feuer, Säure, Gift oder Virus).",,"• Zapewnia odporność nanotechnologiczną (niweluje pierwsze nałożenie ognia, kwasu, trucizny lub wirusa).","• Покрывает нано-пленкой (блокирует первое воздействие Огня, Кислоты, Яда или Вируса).",,
TFTV_HELIOS_HEALING_MODULE_BENEFIT_SYN_VenomBolt,Text,,• Vest effects increased by 50%.,,• Les effets des gilets sont augmentés de 50 %.,• Westen-Effekte um 50% erhöht.,,• Efekty kamizelek zwiększone o 50%.,• Эффективность бронежилетов больше на 50%.,,
TFTV_HELIOS_HEALING_MODULE_BENEFIT_2_SINGLE,Text,,• Faster healing and Stamina recovery (TIER 2).,,• Soins et récupération d'Endurance plus rapides (NIVEAU 2).,• Schnellere Heilung und Ausdauerregeneration (STUFE 2).,,• Szybsze leczenie i odzyskiwanie wytrzymałości (POZIOM 2).,• Бойцы быстро лечатся и восстанавливают Выносливость (УРОВЕНЬ 2).,,
TFTV_THUNDERBIRD_GROUNDATTACK_MODULE_BENEFIT_1_SINGLE,Text,,• One precision-guided strike (single explosion) (TIER 1).,,• Une frappe de précision guidée (explosion unique) (NIVEAU 1).,• Ein präzisionsgelenkter Schlag (eine Explosion) (STUFE 1).,,• Jedno precyzyjnie naprowadzane uderzenie (pojedyncza eksplozja) (POZIOM 1).,• Один высокоточный удар (одиночный взрыв) (УРОВЕНЬ 1).,,
TFTV_THUNDERBIRD_GROUNDATTACK_MODULE_BENEFIT_2_SINGLE,Text,,• One precision-guided strike (two sequential explosions) (TIER 2).,,• Une frappe de précision guidée (deux explosions successives) (NIVEAU 2).,• Ein präzisionsgelenkter Schlag (zwei aufeinanderfolgende Explosionen) (STUFE 2).,,• Jedno precyzyjnie naprowadzane uderzenie (dwie kolejne eksplozje) (POZIOM 2).,• Один высокоточный удар (два последовательных взрыва) (УРОВЕНЬ 2).,,
TFTV_THUNDERBIRD_GROUNDATTACK_MODULE_BENEFIT_3_SINGLE,Text,,• One precision-guided strike (three sequential explosions) (TIER 3).,,• Une frappe de précision guidée (trois explosions successives) (NIVEAU 3).,• Ein präzisionsgelenkter Schlag (drei aufeinanderfolgende Explosionen) (STUFE 3).,,• Jedno precyzyjnie naprowadzane uderzenie (trzy kolejne eksplozje) (POZIOM 3).,• Один высокоточный удар (три последовательных взрыва) (УРОВЕНЬ 3).,,
TFTV_THUNDERBIRD_SCANNER_MODULE_BENEFIT_1_SINGLE,Text,,"• Provides SCAN ABILITY: spend 12 hours, 5 tech and 30 mat to detect Points of Interest on the Geoscape within 2000 KM (75% success rate). Aircraft cannot move during scan (TIER 1).",,"• Offre la capacité SCAN : dépensez 12 heures, 5 de technologie et 30 de matériaux pour détecter les points d'intérêt sur le Géoscape dans un rayon de 2000 km (75 % de chances de réussite). L'appareil ne peut pas se déplacer pendant le scan (NIVEAU 1).","• Gewährt die FÄHIGKEIT SCAN: 12 Stunden, 5 Technik und 30 Material ausgeben, um auf der Geoscape innerhalb von 2000 KM interessante Orte zu entdecken (75% Erfolgsquote). Das Fluggerät kann sich während des Scans nicht bewegen (STUFE 1).",,"• Zapewnia umiejętność SKAN: poświęć 12 godzin, 5 tech i 30 mat, aby wykryć Punkty Zainteresowania na Geosferze w promieniu 2000 KM (75% szans powodzenia). Statek nie może poruszać się w trakcie skanu (POZIOM 1).","• Дает СКАНИРОВАНИЕ: потратить 12 часов, 5 технологий и 30 материалов, чтобы найти неразведанные локации на Геоскейпе в радиусе 2000 км (вероятность успеха 75%). Самолет не сможет летать в это время (УРОВЕНЬ 1).",,
TFTV_THUNDERBIRD_SCANNER_MODULE_BENEFIT_2_SINGLE,Text,,"• Provides SCAN ABILITY: spend 12 hours, 5 tech and 30 mat to detect Points of Interest on the Geoscape within 2000 KM (100% success rate). Aircraft cannot move during scan (TIER 2).
• <b>Argus Eye:</b> operatives gain +10 Perception and +25% Accuracy on Return Fire and Overwatch attacks.",,,,,,"• Дает СКАНИРОВАНИЕ: потратить 12 часов, 5 технологий и 30 материалов, чтобы найти неразведанные локации на Геоскейпе в радиусе 2000 км (вероятность успеха 100%). Самолет не сможет летать в это время (УРОВЕНЬ 2).
• <b>Глаз Аргуса:</b> бойцы получают увеличенное Восприятие при ответном огне и атаках при наблюдении.",,
TFTV_THUNDERBIRD_SCANNER_MODULE_BENEFIT_ARGUS_EYE,Text,,• <b>Argus Eye:</b> operatives gain +10 Perception and +25% Accuracy on Return Fire and Overwatch attacks.,,,,,,,,
TFTV_THUNDERBIRD_SCANNER_MODULE_BENEFIT_NJ_SateliteUplink,Text,,• SCAN ABILITY scan range increased by 1000 and higher chance to detect Pandoran colonies after an attack on a Haven.,,• Portée de scan accrue et plus grandes chances de détecter les colonies Pandoriennes après une attaque sur un Refuge.,"• Größere Scan-Reichweite und höhere Chance, nach einem Angriff auf eine Zuflucht Pandorakolonien zu entdecken.",,• Zasięg umiejętności SKAN zwiększony o 1000 oraz większa szansa wykrycia kolonii Pandora po ataku na przystań.,"• СКАНЕР: радиус сканирования увеличивается на 1000, повышается шанс обнаружить колонию Пандоранов после атаки на Убежище.",,
TFTV_THUNDERBIRD_SCANNER_MODULE_BENEFIT_PX_Alien_Citadel,Text,,• Detects Pandoran colonies on the Geoscape (requires Satellite Uplink).,,,,,,,,
TFTV_THUNDERBIRD_SCANNER_MODULE_BENEFIT_PX_Alien_Colony,Text,,• Reveals Hatching Sentinels in Nests on mission start.,,• Révèle les Sentinelles dans les Nids dès le début de la mission.,• Enthüllt Brutwächter in Nestern zu Missionsbeginn.,,• Ujawnia Sentinele Wylęgowe w Gniazdach na początku misji.,• Показывает Стражей-наседок в Гнездах при старте миссии.,,
TFTV_THUNDERBIRD_SCANNER_MODULE_BENEFIT_PX_Alien_Lair,Text,,• Reveals Spawnery in Lairs on mission start.,,• Révèle l'Ecloserie dans les Repaires dès le début de la mission.,• Enthüllt Brutstätte in Schlupfwinkeln zu Missionsbeginn.,,• Ujawnia Wylęgarnię w Legowiskach na początku misji.,• Показывает Инкубаторы в Логовах при старте миссии.,,
TFTV_THUNDERBIRD_WORKSHOP_MODULE_BENEFIT_1_SINGLE,Text,,"• Repairs vehicles, heals operatives with at least one Bionic and recovers their Stamina (TIER 1).",,"• Répare les véhicules, soigne les agents ayant au moins un module cybernétique et restaure leur Endurance (NIVEAU 1).","• Repariert Fahrzeuge, heilt Einheiten mit mindestens einer Bionik und stellt ihre Ausdauer wieder her (STUFE 1).",,"• Naprawia pojazdy, leczy operatorów z co najmniej jedną wszczepioną bioniką i przywraca im wytrzymałość (POZIOM 1).","• Ремонтирует машины, лечит бойцов с хотя бы 1-й аугментацией и восстанавливает их Выносливость (УРОВЕНЬ 1).",,
TFTV_THUNDERBIRD_WORKSHOP_MODULE_BENEFIT_2_SINGLE,Text,,"• Repairs vehicles, heals operatives with at least one Bionic and recovers their Stamina faster (TIER 2).
• Reduces bionics repair cost by 33%.",,,,,,,,
TFTV_THUNDERBIRD_WORKSHOP_MODULE_BENEFIT_3_SINGLE,Text,,"• Repairs vehicles, heals operatives with at least one Bionic and recovers their Stamina fastest (TIER 3).
• Reduces bionics repair cost by 66%.",,,,,,,,
TFTV_THUNDERBIRD_WORKSHOP_MODULE_BENEFIT_PX_Alien_LiveAcheron,Text,,• Acid reduces 20 instead of 10 per turn on bionic bodyparts and vehicles.,,• L'acide réduit de 20 au lieu de 10 par tour sur les parties du corps cybernétiques et les véhicules.,• Reduziert Säure an bionischen Körperteilen und Fahrzeugen um 20 statt 10 pro Runde.,,• Kwas zmniejsza się o 20 zamiast o 10 na turę na bionicznych częściach ciała i pojazdach.,• Действие кислоты на аугменты и машины снижается на 20 вместо 10 за ход.,,
TFTV_THUNDERBIRD_RANGE_MODULE_BENEFIT_1_SINGLE,Text,,"• Increases range by 1000, speed by 50 and aircraft maintenance loss reduced by 25% (TIER 1).",,"• Augmente la portée de 1000, la vitesse de 50 et réduit les coûts d'entretien de l'appareil de 25% (NIVEAU 1).","• Erhöht Reichweite um 1000, Geschwindigkeit um 50 und reduziert Wartungsverlust um 25% (STUFE 1).",,"• Zwiększa zasięg o 1000, prędkość o 50, a utrata sprawności przez eksploatację jest zmniejszona o 25% (POZIOM 1).","• Увеличивает дальность на 1000, скорость на 50 и снижает стоимость обслуживания самолета на 25% (УРОВЕНЬ 1).",,
TFTV_THUNDERBIRD_RANGE_MODULE_BENEFIT_2_SINGLE,Text,,"• Increases range by 2000, speed by 100 and aircraft maintenance loss reduced by 50% (TIER 2).",,"• Augmente la portée de 2000, la vitesse de 100 et réduit les coûts d'entretien de l'appareil de 50% (NIVEAU 2).","• Erhöht Reichweite um 2000, Geschwindigkeit um 100 und reduziert Wartungsverlust um 50% (STUFE 2).",,"• Zwiększa zasięg o 2000, prędkość o 100, a utrata sprawności przez eksploatację jest zmniejszona o 50% (POZIOM 2).","• Увеличивает дальность на 2000, скорость на 100 и снижает стоимость обслуживания самолета на 50% (УРОВЕНЬ 2).",,
TFTV_THUNDERBIRD_RANGE_MODULE_BENEFIT_3_SINGLE,Text,,"• Increases range by 3000, speed by 150 and aircraft maintenance loss reduced by 75% (TIER 3).",,"• Augmente la portée de 3000, la vitesse de 150 et réduit les coûts d'entretien de l'appareil de 75% (NIVEAU 3).","• Erhöht Reichweite um 3000, Geschwindigkeit um 150 und reduziert Wartungsverlust um 75% (STUFE 3).",,"• Zwiększa zasięg o 3000, prędkość o 150, a utrata sprawności przez eksploatację jest zmniejszona o 75% (POZIOM 3).","• Увеличивает дальность на 3000, скорость на 150 и снижает стоимость обслуживания самолета на 75% (УРОВЕНЬ 3).",,
TFTV_THUNDERBIRD_RANGE_MODULE_BENEFIT_4_SINGLE,Text,,"• Increases range by 4000, speed by 200 and aircraft maintenance loss reduced by 100% (TIER 4).",,"• Augmente la portée de 4000, la vitesse de 200 et réduit les coûts d'entretien de l'appareil de 100% (NIVEAU 4).","• Erhöht Reichweite um 4000, Geschwindigkeit um 200 und reduziert Wartungsverlust um 100% (STUFE 4).",,"• Zwiększa zasięg o 4000, prędkość o 200, a utrata sprawności przez eksploatację jest zmniejszona o 100% (POZIOM 4).","• Увеличивает дальность на 4000, скорость на 200 и снижает стоимость обслуживания самолета на 100% (УРОВЕНЬ 4).",,
KEY_AFFINITY_TITLE_PSYCHO_SOCIOLOGY_0,Text,,PSYCHO-SOCIOLOGY,,,,,,ПСИХО-СОЦИОЛОГИЯ,,
KEY_AFFINITY_TITLE_PSYCHO_SOCIOLOGY_1,Text,,PSYCHO-SOCIOLOGY 2,,,,,,ПСИХО-СОЦИОЛОГИЯ 2,,
KEY_AFFINITY_TITLE_PSYCHO_SOCIOLOGY_2,Text,,PSYCHO-SOCIOLOGY 3,,,,,,ПСИХО-СОЦИОЛОГИЯ 3,,
KEY_AFFINITY_DESC_PSYCHO_SOCIOLOGY_0,Text,,Resolve Incidents with PSYCHO-SOCIOLOGY approach x2 faster,,,,,,"Устраняйте Инциденты в 2 раза быстрее, применяя способности к ПСИХО-СОЦИОЛОГИИ.",,
KEY_AFFINITY_DESC_PSYCHO_SOCIOLOGY_1,Text,,Resolve Incidents with PSYCHO-SOCIOLOGY approach x4 faster,,,,,,"Устраняйте Инциденты в 4 раза быстрее, применяя способности к ПСИХО-СОЦИОЛОГИИ.",,
KEY_AFFINITY_DESC_PSYCHO_SOCIOLOGY_2,Text,,Resolve Incidents with PSYCHO-SOCIOLOGY approach x6 faster,,,,,,"Устраняйте Инциденты в 6 раз быстрее, применяя способности к ПСИХО-СОЦИОЛОГИИ.",,
KEY_AFFINITY_TITLE_EXPLORATION_0,Text,,EXPLORATION,,,,,,РАЗВЕДКА,,
KEY_AFFINITY_TITLE_EXPLORATION_1,Text,,EXPLORATION 2,,,,,,РАЗВЕДКА 2,,
KEY_AFFINITY_TITLE_EXPLORATION_2,Text,,EXPLORATION 3,,,,,,РАЗВЕДКА 3,,
KEY_AFFINITY_DESC_EXPLORATION_0,Text,,Resolve Incidents with EXPLORATION approach x2 faster,,,,,,"Устраняйте Инциденты в 2 раза быстрее, применяя способности к РАЗВЕДКЕ.",,
KEY_AFFINITY_DESC_EXPLORATION_1,Text,,Resolve Incidents with EXPLORATION approach x4 faster,,,,,,"Устраняйте Инциденты в 4 раза быстрее, применяя способности к РАЗВЕДКЕ.",,
KEY_AFFINITY_DESC_EXPLORATION_2,Text,,Resolve Incidents with EXPLORATION approach x6 faster,,,,,,"Устраняйте Инциденты в 6 раз быстрее, применяя способности к РАЗВЕДКЕ.",,
KEY_AFFINITY_TITLE_OCCULT_0,Text,,OCCULT,,,,,,МИСТИКА,,
KEY_AFFINITY_TITLE_OCCULT_1,Text,,OCCULT 2,,,,,,МИСТИКА 2,,
KEY_AFFINITY_TITLE_OCCULT_2,Text,,OCCULT 3,,,,,,МИСТИКА 3,,
KEY_AFFINITY_DESC_OCCULT_0,Text,,Resolve Incidents with OCCULT approach x2 faster,,,,,,"Устраняйте Инциденты в 2 раза быстрее, применяя способности к МИСТИКЕ.",,
KEY_AFFINITY_DESC_OCCULT_1,Text,,Resolve Incidents with OCCULT approach x4 faster,,,,,,"Устраняйте Инциденты в 4 раза быстрее, применяя способности к МИСТИКЕ.",,
KEY_AFFINITY_DESC_OCCULT_2,Text,,Resolve Incidents with OCCULT approach x6 faster,,,,,,"Устраняйте Инциденты в 6 раз быстрее, применяя способности к МИСТИКЕ.",,
KEY_AFFINITY_TITLE_BIOTECH_0,Text,,BIOTECH,,,,,,БИОТЕХНОЛОГИИ,,
KEY_AFFINITY_TITLE_BIOTECH_1,Text,,BIOTECH 2,,,,,,БИОТЕХНОЛОГИИ 2,,
KEY_AFFINITY_TITLE_BIOTECH_2,Text,,BIOTECH 3,,,,,,БИОТЕХНОЛОГИИ 3,,
KEY_AFFINITY_DESC_BIOTECH_0,Text,,Resolve Incidents with BIOTECH approach x2 faster,,,,,,"Устраняйте Инциденты в 2 раза быстрее, применяя способности к БИОТЕХНОЛОГИЯМ.",,
KEY_AFFINITY_DESC_BIOTECH_1,Text,,Resolve Incidents with BIOTECH approach x4 faster,,,,,,"Устраняйте Инциденты в 4 раза быстрее, применяя способности к БИОТЕХНОЛОГИЯМ.",,
KEY_AFFINITY_DESC_BIOTECH_2,Text,,Resolve Incidents with BIOTECH approach x6 faster,,,,,,"Устраняйте Инциденты в 6 раз быстрее, применяя способности к БИОТЕХНОЛОГИЯМ.",,
KEY_AFFINITY_TITLE_MACHINERY_0,Text,,MACHINERY,,,,,,МЕХАНИКА,,
KEY_AFFINITY_TITLE_MACHINERY_1,Text,,MACHINERY 2,,,,,,МЕХАНИКА 2,,
KEY_AFFINITY_TITLE_MACHINERY_2,Text,,MACHINERY 3,,,,,,МЕХАНИКА 3,,
KEY_AFFINITY_DESC_MACHINERY_0,Text,,Resolve Incidents with MACHINERY approach x2 faster,,,,,,"Устраняйте Инциденты в 2 раза быстрее, применяя способности к МЕХАНИКЕ.",,
KEY_AFFINITY_DESC_MACHINERY_1,Text,,Resolve Incidents with MACHINERY approach x4 faster,,,,,,"Устраняйте Инциденты в 4 раза быстрее, применяя способности к МЕХАНИКЕ.",,
KEY_AFFINITY_DESC_MACHINERY_2,Text,,Resolve Incidents with MACHINERY approach x6 faster,,,,,,"Устраняйте Инциденты в 6 раз быстрее, применяя способности к МЕХАНИКЕ.",,
KEY_AFFINITY_TITLE_COMPUTE_0,Text,,COMPUTE,,,,,,АНАЛИТИКА,,
KEY_AFFINITY_TITLE_COMPUTE_1,Text,,COMPUTE 2,,,,,,АНАЛИТИКА 2,,
KEY_AFFINITY_TITLE_COMPUTE_2,Text,,COMPUTE 3,,,,,,АНАЛИТИКА 3,,
KEY_AFFINITY_DESC_COMPUTE_0,Text,,Resolve Incidents with COMPUTE approach x2 faster,,,,,,"Устраняйте Инциденты в 2 раза быстрее, применяя способности к АНАЛИТИКЕ.",,
KEY_AFFINITY_DESC_COMPUTE_1,Text,,Resolve Incidents with COMPUTE approach x4 faster,,,,,,"Устраняйте Инциденты в 4 раза быстрее, применяя способности к АНАЛИТИКЕ.",,
KEY_AFFINITY_DESC_COMPUTE_2,Text,,Resolve Incidents with COMPUTE approach x6 faster,,,,,,"Устраняйте Инциденты в 6 раз быстрее, применяя способности к АНАЛИТИКЕ.",,
KEY_BASE_ACTIVATE_DESCRIPTION,Text,,View inactive Phoenix Project base. Can be used remotely to initiate Scan to detect nearby Points of Interest. Visit with an Aircraft for more options.,,,,,,"Просмотр заброшенной базы Проекта Феникс. Можно использовать дистанционно для запуска Сканирования и обнаружения близлежащих неразведанных локаций. Посетите базу на самолете, чтобы получить доступ к дополнительным возможностям.",,
KEY_BASE_ACTIVATE_NAME,Text,,INACTIVE PHOENIX BASE,,,,,,ЗАБРОШЕННАЯ БАЗА ФЕНИКСА,,
KEY_BASE_ACTIVATE_NOTIFICATION_ACTIVATED,Text,,Phoenix Base is already operational.,,,,,,База Феникса уже активирована,,
KEY_BASE_PING_SCAN_TOOLTIP,Text,,Perform a Scan to detects some of the Points of Interest on the Geoscape within 2000 KM of the base (50% success rate). Takes 12 hours to complete. Need to have an Aircraft within 4000Km of the base.,,,,,,"Выполните Сканирование, чтобы обнаружить на Геоскейпе неразведанные локации в радиусе 2000 км от базы (вероятность успеха 50%). Процесс занимает 12 часов. Требуется наличие самолета в радиусе 4000 км от базы.",,
KEY_BASE_PING_SCAN_OPTION,Text,,Initiate a Scan,,,,,,Начать Сканирование,,
KEY_BASE_RANSACK_TOOLTIP,Text,,"Permanently destroys the Phoenix base; receive resources as from demolishing every facility at the base (and a little extra, amount depending on Difficulty).",,,,,,"Навсегда уничтожает базу Феникса - вы получите ресурсы, как при сносе всех строений на базе (а также небольшой бонус, размер которого зависит от уровня сложности).",,
KEY_BASE_RANSACK_OPTION,Text,,Ransack,,,,,,Грабеж,,
KEY_BASE_OUTPOST_OPTION,Text,,Set up an Outpost,,,,,,Построить Аванпост,,
KEY_BASE_OUTPOST_TOOLTIP,Text,,"You cannot build any facilities at an Outpost nor receive any income nor other advantages from existing facilities at an Outpost. Aircraft and Units at the Outpost heal, repair and recover Stamina at half the rate they would at a regular Base with the corresponding facilities. Outposts can also help detecting nearby Pandoran Colonies after an attack on a Haven. Outposts cannot be attacked and can be later upgraded to a regular Base costing half the resources and 3 personnel. Takes 24 hours to complete. Personnel with the Psycho-Sociology Affinity count as 3 Personnel toward the Personnel cost.",,,,,,"На Аванпосте нельзя создавать строения, а также получать доход или иные преимущества от имеющихся. Восстановление здоровья, ремонт и восстановление выносливости находящихся там самолетов и юнитов происходят вдвое медленнее, чем на обычной базе с соответствующими строениями. Кроме того, Аванпосты помогают обнаруживать расположенные поблизости колонии Пандоранов после нападения на убежище. Аванпосты неуязвимы для атак. Впоследствии их можно перестроить в полноценную базу, затратив на это вдвое меньше ресурсов и 3 единицы персонала. Процесс занимает 24 часа.",,
KEY_BASE_OUTPOST_UPGRADE_OPTION,Text,,Upgrade to regular Base,,,,,,Перестроить в обычную Базу,,
KEY_BASE_ACTIVATE_OPTION,Text,,Activate the Base,,,,,,Активировать Базу,,
KEY_BASE_OUTPOST_UPGRADE_TOOLTIP,Text,,Upgrade the Outpost to a regular Base. Takes 48 hours to complete. Personnel with the Psycho-Sociology Affinity count as 3 Personnel toward the Personnel cost.,,,,,,Перестроить Аванпост в обычную Базу. Процесс займет 48 часов.,,
KEY_BASE_ACTIVATE_OPTION_TOOLTIP,Text,,Activate the Base. Any damaged Facilities will still need to be repaired after the activation. Takes 72 hours to complete. Personnel with the Psycho-Sociology Affinity count as 3 Personnel toward the Personnel cost.,,,,,,Активировать Базу. Поврежденные объекты все равно потребуется отремонтировать после активации. Процесс занимает 72 часа.,,
KEY_BASE_ALREADY_LOOTED,Text,,You have already looted this place!,,,,,,Вы уже обчистили это место!,,
KEY_BASE_VISIT_TO_LOOT,Text,,Explore the base to get valuable loot!,,,,,,"Разведайте базу, чтобы получить ценную добычу!",,
KEY_BASE_LOOT_YOU_FOUND,Text,,You found:,,,,,,Вы нашли:,,
KEY_OUTPOST_ACTIVATED_TITLE,Text,,Outpost operational,,,,,,Аванпост активирован,,
KEY_OUTPOST_ACTIVATED_DESCRIPTION,Text,,"You have finished building an Outpost. You cannot build any facilities at an Outpost nor receive any income nor other advantages from existing facilities at an Outpost. Aircraft and Units at the Outpost heal, repair and recover Stamina at half the rate they would at a regular Base with the corresponding facilities. Outposts can also help detecting nearby Pandoran Colonies after an attack on a Haven. Outposts cannot be attacked and can be later upgraded to a regular Base costing half the resources and 3 personnel. Personnel with the Psycho-Sociology Affinity count as 3 Personnel toward the Personnel cost.",,,,,,"Строительство Аванпоста завершено. На Аванпосте нельзя возводить строения, а также получать доход или иные преимущества от уже имеющихся. Находящиеся на Аванпосте самолеты и юниты восстанавливают здоровье, ремонтируются и восполняют выносливость вдвое медленнее, чем на обычной базе с соответствующими строениями. Кроме того, Аванпосты помогают обнаруживать расположенные поблизости колонии Пандоранов после нападения на убежище. Аванпосты неуязвимы для атак. Впоследствии их можно перестроить в обычную Базу, затратив на это вдвое меньше ресурсов и 3 единицы персонала.",,
KEY_INCIDENT_START_OPTION,Text,,INITIATE INCIDENT RESOLUTION,,,,,,РАССЛЕДОВАТЬ ИНЦИДЕНТ,,
KEY_INCIDENT_START_OPTION_TOOLTIP,Text,,"Starts the Incident event. After choosing how to approach the Incident, Aircraft must stay at the Haven. Moving the Aircraft before the Incident is resolved will result in Failure. ",,,,,,Запускает событие «Инцидент». После выбора способа действий в отношении Инцидента самолет должен оставаться в Убежище. Перемещение самолета до завершения Инцидента приведет к провалу.,,
KEY_AFFINITY_GEO_DESC_PSYCHO_SOCIOLOGY_OPTION_1,Text,,Geoscape Benefit: Haven Defense rewards +{0}%.,,,,,,Бонус Геоскейпа: Награда за защиту Убежища +{0}%,,
KEY_AFFINITY_GEO_DESC_PSYCHO_SOCIOLOGY_OPTION_2,Text,,Geoscape Benefit: All operatives in the aircraft recover {0} Stamina after mission.,,,,,,Бонус Геоскейпа: Все бойцы в самолете после миссии восстановят Выносливость: {0},,
KEY_AFFINITY_GEO_DESC_EXPLORATION_OPTION_1,Text,,Geoscape Benefit: Exploration is {0} hour(s) faster.,,,,,,Бонус Геоскейпа: Разведка локаций быстрее на несколько часов: {0},,
KEY_AFFINITY_GEO_DESC_EXPLORATION_OPTION_2,Text,,Geoscape Benefit : Chances of detecting Pandoran Colonies after an attack increased by {0}%,,,,,,Бонус Геоскейпа: Шанс обнаружить колонию Пандоранов после атаки выше на {0}%,,
KEY_AFFINITY_GEO_DESC_OCCULT_OPTION_1,Text,,Geoscape Benefit : Receive a {0}-hour warning before an attack on a Phoenix Base.,,,,,,Бонус Геоскейпа: Получение предупреждения об атаке на Базу Феникса за несколько часов: {0},,
KEY_AFFINITY_GEO_DESC_OCCULT_OPTION_2,Text,,Geoscape Benefit : {0}% less penalty and {0}% more buff from flying in Mist.,,,,,,"Бонус Геоскейпа: При полетах сквозь Туман штраф меньше на {0}%, бонус больше на {0}%",,
KEY_AFFINITY_GEO_DESC_BIOTECH_OPTION_1,Text,,Geoscape Benefit : Operatives recover {0} HP after mission.,,,,,,Бонус Геоскейпа: Бойцы восстановят несколько Хитов после миссии: {0},,
KEY_AFFINITY_GEO_DESC_BIOTECH_OPTION_2,Text,,Geoscape Benefit : Haven Leaders visited by this character gain +{0} Rep toward Phoenix Project.,,,,,,Бонус Геоскейпа: посещение Убежища этим персонажем даст прирост репутации Проекта Феникс в глазах лидера Убежища: +{0},,
KEY_AFFINITY_GEO_DESC_MACHINERY_OPTION_1,Text,,Geoscape Benefit : Vehicles recover {0} HP after mission.,,,,,,Бонус Геоскейпа: Машины восстановят несколько Хитов после миссии: {0},,
KEY_AFFINITY_GEO_DESC_MACHINERY_OPTION_2,Text,,Geoscape Benefit : {0}% less Aircraft maintenance loss.,,,,,,Бонус Геоскейпа: Стоимость обслуживания самолета снижена на {0}%,,
KEY_AFFINITY_GEO_DESC_COMPUTE_OPTION_1,Text,,Geoscape Benefit : Aircraft speed increased by {0}%.,,,,,,Бонус Геоскейпа: Скорость самолета увеличена на {0}%,,
KEY_AFFINITY_GEO_DESC_COMPUTE_OPTION_2,Text,,Geoscape Benefit : Receive advance warning of possible attacks on Havens.,,,,,,Бонус Геоскейпа: Получение заблаговременных предупреждений о возможных нападениях на Убежища,,
KEY_AFFINITY_TAC_DESC_PSYCHO_SOCIOLOGY_OPTION_1,Text,,Tactical Benefit : Allies recover +{0} WP when activating Recovery.,,,,,,Тактический бонус: Союзники при активации Восстановления получат дополнительные Очки Воли: +{0},,
KEY_AFFINITY_TAC_DESC_PSYCHO_SOCIOLOGY_OPTION_2,Text,,Tactical Benefit : Increase friendly Haven deployment by {0}%.,,,,,,Тактический бонус: Увеличение сил дружественных Убежищ на {0}%,,
KEY_AFFINITY_TAC_DESC_EXPLORATION_OPTION_1,Text,,Tactical Benefit : Enemies are {0}% more likely to drop loot.,,,,,,Тактический бонус: Шанс выпадения из врагов предметов больше на {0}%,,
KEY_AFFINITY_TAC_DESC_EXPLORATION_OPTION_2,Text,,"Tactical Benefit : Gain immediate control of {0} friendly Haven defender at mission start, and +{1} WP when extracting civilians.",,,,,,"Тактический бонус: к вашему отряду при старте миссии присоединится несколько местных бойцов: {0}, а при эвакуации гражданского восстановится несколько Очков Воли: +{1}",,
KEY_AFFINITY_TAC_DESC_OCCULT_OPTION_1,Text,,Tactical Benefit : Reduce TBTV chance by {0}%.,,,,,,Тактический бонус: Шанс появления Благословленных Пустотой меньше на {0}%,,
KEY_AFFINITY_TAC_DESC_OCCULT_OPTION_2,Text,,"Tactical Benefit : For all allies, effect of Stamina on Delirium increased by {0}%.",,,,,,Тактический бонус: Для всех союзников влияние Выносливости на Сонное Безумие больше на {0}%,,
KEY_AFFINITY_TAC_DESC_BIOTECH_OPTION_1,Text,,"Tactical Benefit : Gain passive ability: Using a Medkit or a Virophage Kit gives the target Ignore Pain status for {0} turn(s), allowing the target to ignore disabled limbs for that duration.",,,,,,Тактический бонус: Пассивный навык: Использование на юните Аптечки (в том числе Вирофаговой) дает статус «Не так уж и больно» и возможность использовать выбитые конечности на несколько ходов: {0},,
KEY_AFFINITY_TAC_DESC_BIOTECH_OPTION_2,Text,,Tactical Benefit : Gain passive ability: Using any healing item or ability restores up to {0} WP that the target had lost to Delirium; lasts only for the duration of the mission.,,,,,,Тактический бонус: Пассивный навык: при лечении (аптечками или навыками) до конца миссии востанавливаются потерянные из-за Сонного Безумия Очки Воли: {0},,
KEY_AFFINITY_TAC_DESC_MACHINERY_OPTION_1,Text,,"Tactical Benefit : Gain active ability: Overdrive - restore {0} AP to a Vehicle or Operative with Bionics, but giving a 50% vulnerability to all damage types until the end of next turn (1 AP, 3 WP)",,,,,,"Тактический бонус: Активный навык: Перезагрузка - восстанавливает Очки Действия машины или юнита с аугментом: {0}. Но уязвимость ко всем типам урона становится больше на 50% до конца следующего хода (стоимость 1 Очко Действия, 3 Очка Воли)",,
KEY_AFFINITY_TAC_DESC_MACHINERY_OPTION_2,Text,,Tactical Benefit : Gain passive ability: Using any healing item or ability restores up to {0} Armor on each body part of the target.,,,,,,Тактический бонус: Пассивный навык: при лечении (аптечками или навыками) восстановится Броня на каждой части тела юнита: {0},,
KEY_AFFINITY_TAC_DESC_COMPUTE_OPTION_1,Text,,Tactical Benefit : Gain passive ability: Ground vehicles with character inside gain +{0} movement and +{1}% accuracy.,,,,,,Тактический бонус: Пассивный навык: машины с юнитом внутри получают прибавку к перемещению +{0} и точности +{1}%,,
KEY_AFFINITY_TAC_DESC_COMPUTE_OPTION_2,Text,,"Tactical Benefit : For all Allies, Perception vs Pandorans increased by {0}% of the total amount of Delirium in the squad, up to +{1}.",,,,,,"Тактический бонус: У всех союзников Восприятие против Пандоранов увеличено на {0}% от общего количества Сонного Безумия на отряд, но не более чем на +{1}.",,
KEY_AFFINITY_CHOICE_UI_HEADER,Text,,Affinity Benefits,,,,,,Бонусы Способностей,,
KEY_AFFINITY_CHOICE_UI_GRANTED,Text,,{0} rank {1} granted.,,,,,,{1}: получен уровень {0},,
KEY_AFFINITY_CHOICE_UI_TRACK_GEOSCAPE,Text,,Geoscape,,,,,,Геоскейп,,
KEY_AFFINITY_CHOICE_UI_TRACK_TACTICAL,Text,,Tactical,,,,,,Тактика,,
KEY_AFFINITY_CHOICE_UI_SELECTED,Text,,Selected: {0},,,,,,Выбрано: {0},,
KEY_AFFINITY_CHOICE_UI_OPTION_A,Text,,Option A: {0},,,,,,Опция А: {0},,
KEY_AFFINITY_CHOICE_UI_OPTION_B,Text,,Option B: {0},,,,,,Опция Б: {0},,
KEY_AFFINITY_OCCULT_BASE_ATTACK_WARNING,Text,,Occult warning: {0} is expected to be attacked in approximately {1} hour(s),,,,,,Мистическое видение: ожидается атака на {0} через несколько часов: {1},,
TFTV_KEY_MACHINERY_REPAIR_NAME,Text,,Machinery Repair,,,,,,Ремонт механизмов,,
TFTV_KEY_MACHINERY_REPAIR_OPTION1_DESC,Text,,Restore up to {bodyparthealamount} hit points to each damaged metallic body part. Cannot affect organic targets.,,,,,,Восстановить несколько Хитов у каждой поврежденной металлической части тела: {bodyparthealamount}. Не действует на органику.,,
TFTV_KEY_MACHINERY_REPAIR_OPTION2_DESC,Text,,Restore up to {bodyparthealamount} armor on each body part.,,,,,,Восстановить немного Брони у каждой части тела: {bodyparthealamount}.,,
KEY_BASE_REWORK_JUST_A_GRUNT_NAME,Text,,Just a grunt,,,,,,Простой работяга,,
KEY_BASE_REWORK_JUST_A_GRUNT_DESCRIPTION,Text,,"This character can't develop Affinities, contribute to Incident resolution, or be assigned to Research or Manufacturing.",,,,,,"Этот персонаж не может заключать партнерские соглашения, договора на урегулирование Инцидентов, заниматься Исследованиями или Производством.",,
KEY_FIELD_OPERATIVES,Text,,FIELD OPERATIVES,,,,,,Бойцы,,
KEY_BASE_RECRUITS_ROSTER_DESCRIPTION,Text,,"Assign personnel to Research, Manufacturing, or Training, or Deploy them",,,,,,"Назначайте персонал на Исследования, Производство, Обучение, либо отправляйте их на Миссии.",,
Danforth/KEY_BASE_RECRUITS_ROSTER_NAME,Text,,ASSIGNMENTS,,,,,,НАЗНАЧЕНИЯ,,
KEY_BASE_DISMISS_PERSON,Text,,"Dismiss operative from field duty, allowing them to be assigned to Research or Manufacturing, or Redeployed (cost 10 SP per level above 1). All equipment will be put in storage.",,,,,,"Перевести бойца из боевого отряда в резерв, что позволяет назначать на Исследования, Производство или Переводить обратно в боевой отряд (стоит 10 Очков Умений за каждый уровень больше 1-ого). Все снаряжение отправится на склад.",,
KEY_BASE_DISMISS_PERSON_PROMPT,Text,,"Are you sure you want to dismiss {0} from field duty? If you do their equipment will be placed in storage. They can then be assigned to Research or Manufacturing, or Redeployed (cost 10 SP per level above 1).",,,,,,"Вы уверены, что хотите снять с боевого дежурства {0}? Если да, все снаряжение будет отправлено на склад. Станет доступно назначение на Исследования, Производство или Перевод обратно в боевой отряд (стоит 10 Очков Умений за каждый уровень больше 1-ого).",,
KEY_GEOSCAPE_SOLDIERS_TT,Text,,Phoenix operatives on active field duty,,,,,,Бойцы Феникса на боевом дежурстве,,
KEY_SOLDIERS_COUNT_TT,Text,,PERSONNEL - recruited / living quarters capacity,,,,,,ПЕРСОНАЛ - всего людей/объем жилых помещений,,
KEY_RESEARCH_TOTAL_TT,Text,,"Research per hour generated (+ Research from personnel assigned to Research)
(Research slots used/Research slots available). Each Research Lab generates 2 Research and provides 1 Slot to which Personnel not on active field duty can be assigned. Each Personnel assigned to Research generates 2 Research, or more if they have an Affinity: 6 for Biotech, 4 for Compute, Occult and Psycho-Sociology. 
The higher the number, the faster Technologies will be researched.",,,,,,"Получаемый бонус от Ученых в час (+ к Исследованиям за назначенный на Исследования персонал)
(Занято слотов Ученых/Всего слотов Ученых). Каждая Лаборатория дает +2 к Исследованиям и имеет 1 слот для назначения персонала, не занятого на боевом дежурстве. Каждый назначенный Ученый дает +4 к Исследованиям. 
Чем больше число, тем быстрее Технологии будут исследованы.",,
KEY_PRODUCTION_TOTAL_TT,Text,,"Manufacturing per hour generated (+ Manufacturing from personnel assigned to Manufacturing)
(Manufacturing slots used/Manufacturing slots available). Each Manufacturing Plant generates 2 Manufacturing and provides 1 Slot to which Personnel not on active field duty can be assigned. Each Personnel assigned to Manufacturing generates 2 Manufacturing, or more if they have an Affinity: 6 for Machinery, 4 for Compute, Occult and Psycho-Sociology. 
The higher the number, the faster the production of Equipment, Armor, Ground Vehicles and Aircraft.",,,,,,"Получаемый бонус от Инженеров в час (+ к Производству от персонала, назначенного на Производство)
(Занято слотов Инженеров/Всего слотов Инженеров). Каждый Завод дает +2 к Производству и имеет 1 слот для назначения персонала, не занятого на боевом дежурстве. Каждый назначенный Инженер дает +4 к Производству.
Чем больше число, тем быстрее производство Снаряжения, Брони, Машин и Самолетов.",,
TFTV_TBTV_OCCULT_AFFINITY_REDUCTION,Text,,Occult affinity: {0} reduces Touched by the Void chance by {1}.,,,,,,Способности к Мистике: благодаря {0} снижается вероятность появления Благославленных Пустотой на {1}.,,
KEY_BASE_RECRUITS_SPAWNED,Text,,"New personnel has arrived. Can be assigned to Manufacturing or Research, or deployed.",,,,,,"Новый персонал прибыл. Доступно назначение Ученым, Инженером или в боевой отряд.",,
TFTV_KEY_MACHINERY_OVERDRIVE_NAME,Text,,Overdrive,,,,,,Перезагрузка,,
TFTV_KEY_MACHINERY_OVERDRIVE_DESC_R1,Text,,"Restore 1 AP to a Vehicle or Operative with Bionics, but give it a 50% vulnerability versus the configured damage types until its next turn. Costs 1 AP and 3 WP.",,,,,,"Восстановить 1 Очко Действия Машине или Бойцу с аугментом, но уязвимость ко всем типам урона станет больше на 50% до конца их следующего хода (стоимость 1 Очко Действия и 3 Очка Воли).",,
TFTV_KEY_MACHINERY_OVERDRIVE_DESC_R2,Text,,"Restore 2 AP to a Vehicle or Operative with Bionics, but give it a 50% vulnerability versus the configured damage types until its next turn. Costs 1 AP and 3 WP.",,,,,,"Восстановить 2 Очка Действия Машине или Бойцу с аугментом, но уязвимость ко всем типам урона станет больше на 50% до конца их следующего хода (стоимость 1 Очко Действия и 3 Очка Воли).",,
TFTV_KEY_MACHINERY_OVERDRIVE_DESC_R3,Text,,"Restore 3 AP to a Vehicle or Operative with Bionics, but give it a 50% vulnerability versus the configured damage types until its next turn. Costs 1 AP and 3 WP.",,,,,,"Восстановить 3 Очка Действия Машине или Бойцу с аугментом, но уязвимость ко всем типам урона станет больше на 50% до конца их следующего хода (стоимость 1 Очко Действия и 3 Очка Воли).",,
TFTV_KEY_MACHINERY_OVERDRIVE_VULNERABILITY_NAME,Text,,Overdrive Vulnerability,,,,,,Уязвимость при Перезагрузке,,
TFTV_KEY_MACHINERY_OVERDRIVE_VULNERABILITY_DESC,Text,,This unit is 50% more vulnerable to all types of Damage,,,,,,Этот юнит имеет уязвимость ко всем типам урона больше на 50%,,
KEY_AFFINITY_INHERITANCE_TRANSFER_TO_RECIPIENT,Text,,Affinity Passed On: {0} -> {1},,,,,,Способности переданы: {0} -> {1},,
KEY_AFFINITY_INHERITANCE_TRANSFER_BANKED,Text,,Affinity Passed On: {0} banked,,,,,,Способности сохранены: {0},,
KEY_AFFINITY_PSYCHO_SOCIOLOGY_ALL_BENEFITS,Text,,"Geoscape Benefits (choose one globally):

- Haven Defense rewards +15% per Affinity Rank
OR
- All operatives in the aircraft recover 3 Stamina per Affinity Rank after mission.

Tactical Benefits (choose one globally):

- Allies recover +2 WP per Affinity Rank when activating Recovery.
OR
- Increase friendly Haven deployment by 50% per Affinity Rank.

Base Duty Benefits (always active, do not scale with rank):

- Generates 4 Research or 4 Manufacturing when assigned to a worker slot.
- Counts as 3 Personnel when spent to set up an Outpost or to activate a Base.",,,,,,"Бонусы Геоскейпа (выберите один общий):

- Награда за защиту Убежища +15% за каждый уровень Способностей.
ИЛИ
- Все бойцы в самолете после миссии восстанавливают 3 Выносливости за каждый уровень Способностей.

Тактические Бонусы (выберите один общий):

- Союзники при активации Восстановления восстанавливают +2 Очка Воли за каждый уровень Способностей.
ИЛИ
- Повысить количество защитников дружественных Убежищ на 50% за каждый уровень Способностей.",,
KEY_AFFINITY_EXPLORATION_ALL_BENEFITS,Text,,"Geoscape Benefits (choose one globally):

- Exploration is 1 hour faster per Affinity Rank.
OR
- Chances of detecting Pandoran Colonies after an attack increased by 15% per Affinity Rank

Tactical Benefits (choose one globally):

- Enemies are 15% per Affinity Rank more likely to drop loot.
OR
- Gain immediate control of friendly Haven Defenders at mission start, and WP when extracting civilians (1 of each per Affinity Rank).

Base Duty Benefits (always active, do not scale with rank):

- Can be trained up to Level 6.",,,,,,"Бонусы Геоскейпа (выберите один общий):

- Разведка локаций на 1 час быстрее за каждый уровень Способностей.
ИЛИ
- Шансы обнаружить Колонии Пандоранов после атаки повышаются на 15% за каждый уровень Способностей.

Тактические Бонусы (выберите один общий):

- Вероятность выпадения из врагов предметов повышается на 15% за каждый уровень Способностей.
ИЛИ
- Немедленно брать под контроль защитников дружественного Убежища в начале миссии, восстанавливать Очки Воли при эвакуации гражданских (1 за каждый уровень Способностей).",,
KEY_AFFINITY_OCCULT_ALL_BENEFITS,Text,,"Geoscape Benefits (choose one globally):

- Receive a 1 day per Affinity Rank warning before an attack on a Phoenix Base.
OR
- 15% per Affinity Rank less penalty/more buff from flying in Mist.

Tactical Benefits (choose one globally):

- Reduce TBTV chance by 5% per Affinity Rank.
OR
- For all Allies, effect of Stamina on Delirium increased by 50% per Affinity Rank.

Base Duty Benefits (always active, do not scale with rank):

- Generates 4 Research or 4 Manufacturing when assigned to a worker slot.
- Can be trained up to Level 5.",,,,,,"Бонусы Геоскейпа (выберите один общий):

- Получать предупреждения об атаках на базы Феникса заранее (+1 день за каждый уровень Способностей).
ИЛИ
- Меньше штраф/больше бонус при полете через Туман на 15% за каждый уровень Способностей.

Тактические Бонусы (выберите один общий):

- Уменьшить шанс появления Благославленных Пустотой на 5% за каждый уровень Способностей.
ИЛИ
- Влияние Выносливости на Сонное Безумие для всех союзников повышается на 50% за каждый уровень Способностей.",,
KEY_AFFINITY_BIOTECH_ALL_BENEFITS,Text,,"Geoscape Benefits (choose one globally):

- Operatives recover 30 HP per Affinity Rank after mission.
OR
- Haven Leaders visited by this character gain +15 Rep per Affinity Rank toward Phoenix Project.

Tactical Benefits (choose one globally):

- Gain passive ability: Using a Medkit or a Virophage Kit gives the target Ignore Pain status for 1 turn per Affinity Rank, allowing the target to ignore disabled limbs for that duration
OR
- Gain passive ability: Using any healing item or ability restores up to 3 WP per Affinity Rank that the target had lost to Delirium; lasts only for the duration of the mission.

Base Duty Benefits (always active, do not scale with rank):

- Generates 6 Research when assigned to a Research slot (2 Manufacturing on a Manufacturing slot).",,,,,,"Бонусы Геоскейпа (выберите один общий):

- Бойцы после миссии восстанавливают 30 Хитов за каждый уровень Способностей.
ИЛИ
- Лидеры Убежищ, посещенные данным персонажем, улучшат свое отношение к проекту Феникс на 15 за каждый уровень Способностей.

Тактические Бонусы (выберите один общий):

- Получить пассивный Навык: Использование на юните Аптечки (в том числе Вирофаговой) дает статус «Не так уж и больно» и возможность использовать выбитые конечности некоторое время (+1 ход за каждый уровень Способностей).
ИЛИ
- Получить пассивный Навык: При лечении (аптечками или навыками) восстановится до конца миссии до 3-х Очков Воли, потерянных из-за Сонного Безумия, за каждый уровень Способностей.",,
KEY_AFFINITY_MACHINERY_ALL_BENEFITS,Text,,"Geoscape Benefits (choose one globally):

- Vehicles recover 150 HP per Affinity Rank after mission.
OR
- 25% per Affinity Rank less Aircraft maintenance loss.

Tactical Benefits (choose one globally):

- Gain active ability: Overdrive - restore 1 AP per Affinity Rank to a Vehicle or Operative with Bionics, but giving a 50% vulnerability to all damage types until the end of next turn (1 AP, 3 WP)
OR
- Gain passive ability: Using any healing item or ability restores up to 4 Armor per Affinity Rank on each body part of the target.

Base Duty Benefits (always active, do not scale with rank):

- Generates 6 Manufacturing when assigned to a Manufacturing slot (2 Research on a Research slot).",,,,,,"Бонусы Геоскейпа (выберите один общий):

- Машины после миссии восстанавливают 150 Хитов за каждый уровень Способностей.
ИЛИ
- Стоимость обслуживания самолета снижена на 25% за каждый уровень Способностей.

Тактические Бонусы (выберите один общий):

- Получить активный Навык: Перезагрузка - восстанавить Очки Действия машины или юнита с аугментом (1 за каждый уровень Способностей). Но получить уязвимость ко всем типам урона больше на 50% до конца следующего хода (стоимость 1 Очко Действия, 3 Очка Воли).
ИЛИ
- Получить пассивный Навык: при лечении (аптечками или навыками) восстановится 4 Брони на каждой части тела юнита за каждый уровень Способностей.",,
KEY_AFFINITY_COMPUTE_ALL_BENEFITS,Text,,"Geoscape Benefits (choose one globally):

- Aircraft speed increased by 10% per Affinity Rank.
OR
- Receive 4h per Affinity Rank advance warning of possible attacks on Havens.

Tactical Benefits (choose one globally):

- Gain passive ability: Ground vehicles with character inside gain +3 movement and +10% accuracy per Affinity Rank.
OR
- For all Allies, Perception vs Pandorans increased by 1 per Affinity Rank out of 3 of the total amount of Delirium in the squad, up to +10 per Affinity Rank.

Base Duty Benefits (always active, do not scale with rank):

- Generates 4 Research or 4 Manufacturing when assigned to a worker slot.
- Can be trained up to Level 5.",,,,,,"Бонусы Геоскейпа (выберите один общий):

- Скорость самолета больше на 10% за каждый уровень Способностей.
ИЛИ
- Предупреждение об возможной атаке на Убежище придет заранее (+4 часа за каждый уровень Способностей).

Тактические Бонусы (выберите один общий):

- Получить пассивный Навык: Машины с персонажем на борту получают +3 к перемещению и +10% к точности за каждый уровень Способностей.
ИЛИ
- У всех союзников Восприятие против Пандоранов увеличено на 1 за каждый уровень Способностей за каждые 3ед. общего количества Сонного Безумия на отряд, но не более чем на +10 за каждый уровень Способностей.",,
ALISTAIR_ON_INCIDENTS_0_TITLE,Text,,Incident,,,,,,Инцидент,,
ALISTAIR_ON_INCIDENTS_0_TEXT,Text,,"Director, we just learned of an incident taking place at a haven that we have visited previously. If we resolve it, perhaps we will learn something valuable, and it can't hurt to show the havens and the factions that we are trying to help.",,,,,,"Директор, мы только что узнали об Инциденте, произошедшем в Убежище, которое мы уже посещали. Если мы его разрешим, возможно, мы узнаем что-то ценное, к тому же не помешает показать Убежищам и Фракциям, что мы стараемся им помочь.",,
ALISTAIR_ON_INCIDENTS_1_TITLE,Text,,Human Resources,,,,,,Человеческий Ресурс,,
ALISTAIR_ON_INCIDENTS_1_TEXT,Text,,"Director, we desperately need additional personnel, individuals who have what it takes to be in the Phoenix Project: ingenuity, intellectual curiosity and courage. It turns out that resolving incidents like this one might be the best way to attract new members; wanting to join up after seeing us at work attracts exactly the kind of people we are looking for.",,,,,,"Директор, нам крайне необходимы дополнительные сотрудники, люди, обладающие качествами, необходимыми для участия в Проекте Феникс: изобретательностью, интеллектуальной любознательностью и смелостью. Оказывается, разрешение подобных Инцидентов может быть лучшим способом привлечения новых членов. Желание присоединиться к нам после демонстрации нашей работы появится именно у таких людей.",,
TUTORIAL_PERSONNEL_TITLE0,Text,,Personnel Management,,,,,,Управление Персоналом,,
TUTORIAL_PERSONNEL_TEXT0,Text,,"Personnel can be assigned to generate additional Research or Manufacturing. Each Research Lab or Manufacturing Plant generates 2 Research or 2 Manufacturing and provides 1 worker slot. Each Personnel assigned to a worker slot generates 2 Research or 2 Manufacturing. 

Personnel who have an Affinity may be better at this kind of work:

- Biotech: 6 Research (2 Manufacturing).
- Machinery: 6 Manufacturing (2 Research).
- Compute, Occult or Psycho-Sociology: 4 Research or 4 Manufacturing.
- Exploration: 2 Research or 2 Manufacturing, the same as Personnel without an Affinity.

The Affinity of each Personnel is shown as an icon in the top right corner of their entry in the ASSIGNMENTS screen. Affinity benefits on base duty are always active and do not scale with the Affinity’s rank.

Psycho-Sociology Personnel are trained administrators: they count as 3 Personnel when spent to set up an Outpost or to activate a Base.

Personnel can also be deployed as regular Level 1 Operatives of the Class of your choosing. 

If you have a Training Facility you can train Personnel up to Level 4 before deploying them. Compute and Occult Personnel can be trained up to Level 5, and Exploration Personnel up to Level 6. They will gain +2 Strength, + 1 Willpower and + 1 Speed per level trained. Training costs 10 Faction SP per final level trained. Training takes time, which can be shortened by acquiring certain Technologies, and can be terminated early, in which case you will be refunded the corresponding SP. ",,,,,,"Персонал может быть назначен для ускорения Исследований или Производства. Каждая Исследовательская Лаборатория или Завод генерирует 2 единицы исследований или 2 единицы производства и предоставляет 1 слот для персонала. Каждый сотрудник, назначенный на слот для персонала, генерирует 4 единицы исследований или 4 единицы производства.

Персонал также может быть использован в качестве обычных бойцов 1-го уровня выбранного вами класса.

Если у вас есть Центр Подготовки, вы можете обучить бойцов до 4-го уровня перед его включением в боевой отряд. За каждый уровень они получат +2 к Силе, +1 к Силе Воли и +1 к Скорости. Обучение стоит 10 фракционных (общих) Очков Умений за каждый уровень. Обучение занимает время, которое можно сократить, приобретя определенные Технологии, и может быть прекращено досрочно, в этом случае вам будет возвращено соответствующее количество Очков Умений.

Вы начинаете игру с определенным количеством персонала, число которого зависит от сложности (2 на уровне «Легенда», 6 на уровне «Новичок»).

Вы получаете новых сотрудников, разрешая Инциденты: специальные временные события, которые происходят время от времени в ранее посещенных Убежищах.

На уровне сложности «Герой» и ниже вы также периодически получаете новых сотрудников (1 на уровне «Герой», 3 на уровне «Новичок»). Вы можете изменить эту настройку при начале новой игры.

Вы также можете снять бойцов с боевого дежурства, чтобы добавить их в пул персонала. Ранее уволенных бойцов можно повторно отправить на поле боя, но вам придется заплатить 10 фракционных Очков Умений за каждый уровень персонажа выше 1. Также перед этим их можно обучить.

Некоторые уволенные бойцы с перком «Простой работяга», как и наемники, не могут быть назначены на Исследования или Производство.",,
TUTORIAL_PERSONNEL_TITLE1,Text,,Acquiring New Personnel,,,,,,Набор нового персонала,,
TUTORIAL_PERSONNEL_TEXT1,Text,,"You start the game with some Personnel, the number depending on difficulty (2 on Legend, 6 on Rookie). 

You gain new Personnel by resolving Incidents; special timed events that occur from time to time at previously visited havens. If the Operative leading the Incident has Rank 2 in an Affinity, one of the Personnel gained will have that same Affinity at Rank 1; if the leader has Rank 3, a second Personnel will also gain a different, randomly chosen Affinity at Rank 1. 

On Hero difficulty and lower you also gain new Personnel periodically (1 on Hero, 3 on Rookie). You can override this setting on New Game start.

You can also dismiss Operatives to add them to the Personnel pool. Previously Dismissed Operatives can be redeployed to the field, but you have to pay 10 Faction SP for each level of the Character above 1. They can also be trained before redeploying. 

Some Dismissed operatives that have “Just a Grunt” perk, such as Mercenaries, can't be assigned to Research or Manufacturing.",,,,,,"Вы начинаете игру с определенным количеством персонала, число которого зависит от сложности (2 на уровне «Легенда», 6 на уровне «Новичок»).

Вы получаете новых сотрудников, разрешая Инциденты: специальные временные события, которые происходят время от времени в ранее посещенных Убежищах.

На уровне сложности «Герой» и ниже вы также периодически получаете новых сотрудников (1 на уровне «Герой», 3 на уровне «Новичок»). Вы можете изменить эту настройку при начале новой игры.

Вы также можете снять бойцов с боевого дежурства, чтобы добавить их в пул персонала. Ранее уволенных бойцов можно повторно отправить на поле боя, но вам придется заплатить 10 фракционных Очков Умений за каждый уровень персонажа выше 1. Также перед этим их можно обучить.

Некоторые уволенные бойцы с перком «Простой работяга», как и наемники, не могут быть назначены на Исследования или Производство.",,
TUTORIAL_ADDITIONAL_BASES_TITLE0,Text,,Additional Phoenix Bases,,,,,,Дополнительные Базы Феникса,,
TUTORIAL_ADDITIONAL_BASES_TEXT0,Text,,"Bases can no longer be remotely activated. However, you can pay 30 mat and 5 tech to initiate remotely a low-quality Scan (same as the one with the Aircraft Marketplace Module, with each POI in range having a 50% of being revealed) from any Phoenix base that hasn’t been fully activated, provided you have an Aircraft that is no further than 4000Km from the base. The cost of each subsequent scan, even from a different base, will be increased by 30 mat and 5 tech. 

Once you arrive at a Phoenix Base for the first time, you can Explore it. There is a chance (10% or 20%, depending on whether the base is inside the Mist) that the base might be infested, forcing you to fight a mission to clear. Upon completing the exploration you will receive some loot, the type and amount depending on difficulty level. You can override these settings on New Game start. 

You then have the following options:

1) Ransack the base: destroy the base, demolishing every facility at the base, including those that can't be demolished. The amount of resources depends on the difficulty setting, and can be overriden on New Game Start. 
2) Establish an Outpost (pay 200 mat, 50 tech and 1 Personnel, takes 24 hours). Outposts provide some repair and healing, cannot be attacked, and can help detect nearby Pandoran Colonies after an attack on a Haven, but their facilities don't generate anything and you can't build or demolish facilities at them. Outposts can be upgraded to Bases. 
3) Activate Base (pay 400 mat, 100 tech, 4 personnel, takes 72 hours, cost reduced by price of setting up an Outpost if upgrading from it). Get the regular Phoenix base. 

Personnel with the Psycho-Sociology Affinity are trained administrators and count as 3 Personnel toward the Personnel cost of setting up an Outpost or activating a Base. ",,,,,,"Базы больше нельзя активировать удалённо. Однако вы можете заплатить 30 материалов и 5 технологий, чтобы удалённо запустить Сканирование низкого разрешения (аналогично Сканированию с модулем для самолётов с Рынка, при этом вероятность обнаружения каждой неразведанной локации в зоне действия составляет 50%) с любой базы Феникса, которая ещё не полностью активирована, при условии, что у вас есть самолёт, находящийся не дальше 4000 км от базы. Стоимость каждого последующего Сканирования, даже с другой базы, будет увеличена на 30 материалов и 5 технологий. 

Впервые прибыв на Базу Феникса, вы сможете её Разведать. Существует вероятность (15% или 30%, в зависимости от того, находится ли База в Тумане), что База может быть заражена, и вам придётся выполнить миссию по её зачистке. После завершения Разведки вы получите добычу, тип и количество которой зависят от уровня сложности. Вы можете изменить эти настройки при начале новой игры. 

Затем у вас есть следующие варианты:

1) Разграбить Базу: уничтожить, снеся все строения на Базе, включая те, которые нельзя снести. Количество ресурсов зависит от уровня сложности и может быть изменено при начале новой игры. 
2) Создать Аванпост (за 200 материалов, 50 технологий и 1 персонал, занимает 24 часа). Аванпосты обеспечивают некоторый ремонт и лечение, не могут быть атакованы и могут помочь обнаружить находящиеся поблизости колонии Пандоранов после нападений на Убежища, но их строения ничего не дают, и вы не можете строить или сносить эти строения. Аванпосты можно перестроить в Базы. 
3) Активировать Базу (за 400 материалов, 100 технологий, 4 персонала, занимает 72 часа, стоимость уменьшается на стоимость создания Аванпоста, если производится его перестройка). Получите обычную Базу Феникса.",,
TUTORIAL_INCIDENTS_TITLE0,Text,,Incidents,,,,,,Инциденты,,
TUTORIAL_INCIDENTS_TEXT0,Text,,"Incidents are Geoscape Events that take time to resolve and are the primary way of securing new Personnel. You will get at least 2 Personnel for resolving an Incident successfully (among other rewards, such as Resources, Characters, Improved attitude from Faction and/or Haven Leader), and 1 Personnel if you attempt it but then move the Aircraft away before it is completed. 

Every 4-6 days, an Incident will occur at a previously visited haven, inviting you to resolve it within the next 5 days.

To initiate the Incident, you must travel to the haven with an Aircraft with at least one Operative without the “Just a Grunt” perk.",,,,,,"Инциденты — это события на Геоскейпе, на разрешение которых требуется время, и они являются основным способом получения нового персонала. За успешное разрешение Инцидента вы получите как минимум 2-х новых сотрудников (помимо других наград, таких как ресурсы, персонажи, улучшенное отношения с Фракцией и/или Лидером Убежища), или 1-ого сотрудника, если попытаетесь это сделать, но затем переместите самолет до завершения инцидента. 

Каждые 4-6 дней в ранее посещенном Убежище будет происходить Инцидент, предлагающий вам разрешить его в течение следующих 5 дней.

Чтобы разрешить Инцидент, вы должны отправиться в Убежище на самолете, имея при себе хотя бы одного бойца без перка «Простой работяга».",,
TUTORIAL_INCIDENTS_TEXT1,Text,,"Each Incident can be resolved two ways: one choice uses a single Approach, the other lets you pick between two.

Choose an Operative to lead. On success they gain that Approach’s Affinity, or rise a Rank in it.

A leader at Rank 2 passes their Affinity to one of the Personnel you gain; at Rank 3 a second gains a different one at random.

Resolution time depends on whether the leader already has one of the chosen Approaches, and on how many Operatives are aboard. Cancel returns you to the Incident later.",,,,,,"Каждый Инцидент можно разрешить двумя разными способами. Один из вариантов будет соответствовать одному подходу, а другой позволит использовать два разных подхода. Вам нужно выбрать один из них. 

Вы также должны выбрать бойца, который возглавит команду. Успешное завершение Инцидента даст ведущему бойцу 1-й уровень Способностей, соответствующих выбранному подходу, или повысит его уровень этих Способностей. 

Вы также можете отказаться продолжать, чтобы вернуться к Инциденту позже. 

Время, необходимое для разрешения Инцидента, зависит от 1) наличия у ведущего бойца Способностей, соответствующих одному из выбранных подходов и 2) количества бойцов в самолете.",,
TUTORIAL_AFFINITIES_TITLE0,Text,,Affinities,,,,,,Способности,,
TUTORIAL_AFFINITIES_TEXT0,Text,,"- Affinities are gained and advanced in rank by resolving Incidents or inherited from a dead operative with an Affinity. 
- There are three ranks.
- They grant Geoscape and Tactical benefits, and increase Incident resolution efficiency by 2 × rank when the Affinity matches the Approach taken to resolving the Incident.
- Each Affinity provides one Geoscape and one Tactical benefit, chosen from two options every time an affinity is granted or a new rank is reached; the choice applies to all Characters who have that Affinity.
- All benefits are multiplied by the Affinity’s rank.
- Affinity bonuses do not stack — only the highest-ranked specialist’s bonus applies.
- Geoscape benefits apply to the Aircraft on which the Character is currently a passenger, Benefits in Tactical grant an ability to the Character with the Affinity.
- Each Character can have only one Affinity.
- Affinities also decide how useful a Personnel is on base duty; the ASSIGNMENTS screen explains that in full.
- Resolving an Incident with a leader of Rank 2 gives one of the Personnel gained the leader’s Affinity at Rank 1; with a leader of Rank 3, a second Personnel gains a different, randomly chosen Affinity at Rank 1.",,,,,,"- Способности получаются и усиливаются при расследовании Инцидентов или наследуются от погибшего бойца со Способностью. 
- Всего существует 3 уровня.
- Они дают бонусы Геоскейпа или Тактические бонусы, и повышают эффективность расследования Инцидентов на 2 за каждый уровень, когда Способность соответствует выбранному Способу расследования Инцидента.
- Каждая способность дает доступ к 1 бонусу Геоскейпа и 1 Тактическому бонусу, из двух возможных в момент получения Способности или при ее усилении до следующего уровня. Выбор влияет на всех Персонажей с данной Способностью.
- Все бонусы умножаются на уровень Способности.
- Бонусы Способностей не складываются — применяется один от самого высокоуровневого специалиста.
- Бонусы Геоскейпа применяются к самолету, в котором летит соответствующий персонаж, Тактические Бонусы дают соответствующие Навыки своим персонажам.
- Каждый персонаж может иметь только 1 Способность.",,
KEY_BASE_EXPLORE_FIRST,Text,,Explore the base first to unlock these options.,,,,,,"Сначала Разведайте Базу, чтобы эти опции стали доступны.",,
KEY_BASE_PERSONNEL_SELECT_TITLE,Text,,ASSIGN PERSONNEL,,,,,,,,
KEY_BASE_PERSONNEL_SELECT_REQUIRED,Text,,{0} requires {1} Personnel. Pick who is posted to the site.,,,,,,,,
KEY_BASE_PERSONNEL_SELECT_WARNING,Text,,Personnel posted to a site stay there for good. They leave the Phoenix Project roster and cannot normally be recovered.,,,,,,,,
KEY_BASE_PERSONNEL_SELECT_COUNTER,Text,,Selected: {0} / {1},,,,,,,,
KEY_BASE_PERSONNEL_SELECT_COUNTS_AS,Text,,"Administrator, counts as {0}",,,,,,,,
KEY_BASE_PERSONNEL_SELECT_CONFIRM,Text,,CONFIRM,,,,,,,,
KEY_BASE_PERSONNEL_SELECT_CANCEL,Text,,CANCEL,,,,,,,,
TFTV_KEY_AIRCRAFT_MAINTENANCE_LOW,Text,,{0} Maintenance has fallen to 50% or below. Speed halved! Geoscape paused.,,,,,,,,
TFTV_KEY_AIRCRAFT_MODULE_FRENZY_BENEFIT,Text,,• Instills Frenzy on mutated operatives at mission start.,,,,,,"• Бойцы с хотя бы 1-й мутацией, Мутоиды и Мутоги начинают миссию в состоянии Иссупления.",,
TFTV_KEY_AIRCRAFT_NO_MODULES,Text,,No aircraft modules in play.,,,,,,,,
TFTV_KEY_AIRCRAFT_NO_TACTICAL_EFFECTS,Text,,No active tactical effects.,,,,,,,,
TFTV_KEY_SCAN_COLONY_ALREADY_DETECTED,Text,,Pandoran Colony already detected.,,,,,,,,
TFTV_KEY_SCAN_COLONY_NOT_DETECTED,Text,,No Pandoran colony was detected after the attack.,,,,,,,,
TFTV_KEY_SCAN_COLONY_GENERIC_NAME,Text,,Pandoran Colony,,,,,,,,
TFTV_KEY_SCAN_COLONY_LOCATED,Text,,Pandoran colony located: {0}.,,,,,,,,
TFTV_KEY_SCAN_CONTRIBUTORS,Text,,Detection contributors:,,,,,,,,
TFTV_KEY_SCAN_CHANCES,Text,,  Base detection chance: {0}%  |  Effective chance: {1}%,,,,,,,,
TFTV_KEY_SCAN_UPLINK_IN_RANGE,Text,,  + Satellite Uplink: in range (+{0}%),,,,,,,,
TFTV_KEY_SCAN_UPLINK_OUT_OF_RANGE,Text,,  - Satellite Uplink: not in range,,,,,,,,
TFTV_KEY_SCAN_OUTPOST_IN_RANGE,Text,,  {0} Outpost: in range ({1}),,,,,,,,
TFTV_KEY_SCAN_OUTPOST_OUT_OF_RANGE,Text,,  - Outpost: not in range,,,,,,,,
TFTV_KEY_SCAN_OUTPOST_SUCCESS,Text,,"success, +{0}%",,,,,,,,
TFTV_KEY_SCAN_OUTPOST_FAILED,Text,,failed,,,,,,,,
TFTV_KEY_SCAN_AFFINITY_LINE,Text,,"  {0} Exploration affinity ({1}, rank {2}): {3}% chance, {4}",,,,,,,,
TFTV_KEY_SCAN_AFFINITY_TRIGGERED,Text,,triggered (+{0}%),,,,,,,,
TFTV_KEY_SCAN_AFFINITY_NOT_TRIGGERED,Text,,did not trigger,,,,,,,,
TFTV_KEY_SCAN_AFFINITY_NONE,Text,,  - Exploration affinity: no operative,,,,,,,,
TFTV_KEY_SCAN_OPERATIVE_UNKNOWN,Text,,Unknown,,,,,,,,
TFTV_KEY_SCAN_TRACING_SOME,Text,,  + Previous tracing: {0} attempt(s) (+{1}%),,,,,,,,
TFTV_KEY_SCAN_TRACING_NONE,Text,,  - Previous tracing: none,,,,,,,,
TFTV_HELIOS_STEALTH_MODULE_STATUS_NAME,Text,,Proteus Matrix,,,,,,,,
TFTV_HELIOS_STEALTH_MODULE_STATUS_DESCRIPTION,Text,,Concealment and threat predictions relayed from the Helios. Grants bonus Stealth and Perception for the first 3 turns of the mission.,,,,,,,,
TFTV_VANILLA_AIRCRAFT_STATS_DURABILITY,Text,,DURABILITY,耐久度,DURABILITÉ,HALTBARKEIT,ROBUSTEZZA,WYTRZYMAŁOŚĆ,ПРОЧНОСТЬ,DURABILIDAD,
TFTV_VANILLA_DLC3_HULL_POINTS,Text,,HULL POINTS,机体耐久度,POINTS DE COQUE,RUMPF,PUNTI SCAFO,PUNKTY POSZYCIA:,ПРОЧНОСТЬ КОРПУСА,PUNTOS DEL CASCO,
TFTV_VANILLA_GEO_SCANNER_UNAVAILABLE,Text,,You don't have any Area Scan Uses remaining,剩余区域扫描次数已耗尽,Il ne vous reste plus aucun balayage de zone,Du hast keine Gebietsscans mehr übrig,Non hai alcun utilizzo di scansione area rimanente,Wykorzystano wszystkie skany obszaru.,Лимит на сканирование территории превышен,No tienes usos de análisis de zona restantes,
TFTV_VANILLA_GEOSCAPE_SOLDIERS_TT,Text,,Phoenix soldiers on active duty,所有位于凤凰基地宿舍中的士兵,Tous les soldats dans les quartiers d'habitation de la base Phoenix,Phoenix-Soldaten im aktiven Dienst,Tutti i soldati negli alloggi della base Phoenix,Wszyscy żołnierze przebywający w kwaterach bazy Projektu Phoenix,Все солдаты в жилых помещениях Базы Феникс,Todos los soldados que están en alojamientos de bases Fénix,
TFTV_VANILLA_SOLDIERS_COUNT_TT,Text,,SOLDIERS - recruited / living quarters capacity,士兵 - 已招募/宿舍容量,SOLDATS - recrutés/capacité des quartiers d'habitation,"<color=#f7bc20>EINSATZKRÄFTE</color>
<i>Rekrutiert / Wohnräume</i>",SOLDATI (reclutati / capacità di tutti gli alloggi),ŻOŁNIERZE – liczba zwerbowanych żołnierzy/pojemność koszar,СОЛДАТЫ — завербованные / вместимость жилых помещений,SOLDADOS: Reclutados / Capacidad de los alojamientos,
TFTV_VANILLA_RESEARCH_TOTAL_TT,Text,,Research labs in all bases - build more to decrease research time,所有基地的研究室 - 建造更多研究室可缩短研究时间,Tous les laboratoires de recherches dans toutes les bases - construisez-en plus afin de diminuer les temps de recherche,"<color=#33f2fc>FORSCHUNGSLABORE</color>
<i>Mehr Labore insgesamt verkürzen die Forschungszeit.</i>",Centri di ricerca in tutte le basi (costruiscine di più per velocizzare il tempo di ricerca),Zdolność badawcza we wszystkich bazach – dotyczy projektów badawczych,"Исследовательские лаборатории на всех базах — стройте больше лабораторий, чтобы уменьшить время исследований",Laboratorios de investigación en todas las bases - construye más para disminuir el tiempo de investigación,
TFTV_VANILLA_PRODUCTION_TOTAL_TT,Text,,"Production capacity in all bases - for manufacturing equipment, armor and vehicles",所有基地的生产能力 - 用于制造装备、护甲和载具,"Capacité de production dans toutes les bases - pour la fabrication d'équipement, d'armures et de véhicule","<color=#fe964d>PRODUKTIONSKAPAZITÄT</color>
<i>Zur Produktion von Ausrüstung und Fahrzeugen.</i>","Capacità produttiva in tutte le basi (per fabbricare attrezzature, armature e veicoli)","Zdolność produkcyjna we wszystkich bazach – dotyczy produkcji sprzętu, pancerza i pojazdów","Производственная мощность всех баз — для производства оборудования, брони и машин","Capacidad de producción de todas las bases (para la fabricación de equipo, armadura y vehículos)",
TFTV_VANILLA_BASE_RECRUITS_ROSTER_NAME,Text,,RECRUITS,新成员,RECRUES,REKRUTEN,RECLUTE,REKRUCI,НОВОБРАНЦЫ,RECLUTAS,
TFTV_VANILLA_BASE_RECRUITS_ROSTER_DESCRIPTION,Text,,All volunteers available for recruiting at your base,可在基地招募的所有志愿者,Tous les volontaires disponibles pour le recrutement dans votre base,"Alle Freiwilligen, die auf der Basis zur Rekrutierung bereitstehen.",Tutti i volontari disponibili per il reclutamento si trovano nella tua base,"Wszyscy ochotnicy, których można zrekrutować w bazie",Все добровольцы доступные для найма находятся на вашей базе,Todos los voluntarios que puedes reclutar en la base,
TFTV_VANILLA_BASE_RECRUITS_SPAWNED,Text,,New recruits available.,新成员可用。,Nouvelles recrues disponibles.,Neue Rekruten verfügbar.,Nuove reclute disponibili.,Dostępni są nowi rekruci.,Доступны новые люди для найма,Nuevos reclutas disponibles.,
ANU_BLIMP_RESEARCHDEF_COMPLETE_AIRCRAFT_REWORK,Text,,"While appearing to be a piece of technology, the Anu dirigible is part machine and part living organism. Based on the design of a pre-plague airship, the Disciples of Anu have enhanced their version, making it more durable and efficient. The ship can sustain heavy damage, while transporting a squad of 8 soldiers to any desired location. Speed and maneuverability are considerably lacking, though the craft makes up for it with its storage capacity and range.

Our Vehicle Bays can now restore a Tiamat's OPS HOURS at full speed. We can also manufacture the Bioflux Assimilator, a living engine graft that metabolizes Mist-borne organics: the Tiamat flies faster the deeper into the Mist it goes, and loses OPS HOURS more slowly.","虽然看起来是技术产物，但安努飞船一部分是机器，一部分是生物体。安努门徒教会基于瘟疫前的飞船设计对自己的版本做出了改进，使其更加耐用和高效。飞船能将一队 8 名士兵运送至任意指定位置，同时能够承受大量伤害。虽然飞船弥补了存储容量和飞行距离，但是相当缺乏速度和机动性。

Our Vehicle Bays can now restore a Tiamat's OPS HOURS at full speed. We can also manufacture the Bioflux Assimilator, a living engine graft that metabolizes Mist-borne organics: the Tiamat flies faster the deeper into the Mist it goes, and loses OPS HOURS more slowly.","Ce qui ressemble de prime abord à de la technologie est en fait mi-machine mi-organisme vivant. Sa conception s'inspire d'un dirigeable d'avant la peste, mais les Disciples d'Anu ont amélioré cette version, le rendant plus efficace et plus résistant. Il peut supporter de lourds dégâts tout en étant capable de transporter une équipe de 8 soldat vers n'importe quel lieu. Ce dirigeable manque cruellement de vitesse et de maniabilité, mais il compense par sa capacité de stockage et sa portée.

Our Vehicle Bays can now restore a Tiamat's OPS HOURS at full speed. We can also manufacture the Bioflux Assimilator, a living engine graft that metabolizes Mist-borne organics: the Tiamat flies faster the deeper into the Mist it goes, and loses OPS HOURS more slowly.","Obwohl das Anu-Luftschiff den Eindruck vermittelt, ein Stück Technologie zu sein, besteht es doch nur zum Teil aus Maschinen. Der Rest ist ein lebender Organismus. Basierend auf dem Design der Luftschiffe vor der Plage haben die Jünger von Anu ihre Version verbessert. So ist es widerstandsfähiger und effizienter. Das Schiff hält schwerem Beschuss stand und transportiert ein Einsatzteam aus 8 Soldaten an den Zielort. Schnelligkeit und Manövrierfähigkeit sind eher mangelhaft, doch das macht das Schiff mit seiner Lagerkapazität und Reichweite wett.

Our Vehicle Bays can now restore a Tiamat's OPS HOURS at full speed. We can also manufacture the Bioflux Assimilator, a living engine graft that metabolizes Mist-borne organics: the Tiamat flies faster the deeper into the Mist it goes, and loses OPS HOURS more slowly.","Nonostante abbia le sembianze di un mezzo tecnologico, il dirigibile Anu è in parte macchina in parte organismo vivente. È basato su un aeromobile di epoca precedente alla piaga, migliorato dai Discepoli di Anu per quanto riguarda resistenza ed efficienza. Questo mezzo può sopportare danni pesanti mentre trasporta una squadra di 8 soldati verso qualsiasi destinazione. La velocità e la manovrabilità sono decisamente carenti, ma il velivolo compensa a queste lacune con la sua capienza e autonomia.

Our Vehicle Bays can now restore a Tiamat's OPS HOURS at full speed. We can also manufacture the Bioflux Assimilator, a living engine graft that metabolizes Mist-borne organics: the Tiamat flies faster the deeper into the Mist it goes, and loses OPS HOURS more slowly.","Chociaż sprawia wrażenie wytworu technologii, sterowiec Anu jest po części maszyną, a po części żywym organizmem. Akolici Anu wykorzystali konstrukcję statku powietrznego z czasów sprzed zarazy i ją ulepszyli, aby była trwalsza i efektywniejsza. Statek jest w stanie wytrzymać znaczne uszkodzenia i przetransportować oddział składający się z aż 8 żołnierzy w dowolne miejsce. Można narzekać na prędkość i sterowność, ale statek nadrabia ładownością i zasięgiem lotu.

Our Vehicle Bays can now restore a Tiamat's OPS HOURS at full speed. We can also manufacture the Bioflux Assimilator, a living engine graft that metabolizes Mist-borne organics: the Tiamat flies faster the deeper into the Mist it goes, and loses OPS HOURS more slowly.","Хотя дирижабль Ану кажется исключительно технологическим достижением, он совмещает в себе природу как машины, так и живого организма. Взяв за основу проект дирижабля, разработанного до начала чумы, Последователи Ану улучшили его, сделав свое судно более долговечным и эффективным. Корабль может перенести тяжелый урон и доставить отряд из 8 солдат в любую указанную точку. Хотя кораблю значительно недостает скорости и маневренности, это компенсируется его вместительностью и дальностью полета.

Our Vehicle Bays can now restore a Tiamat's OPS HOURS at full speed. We can also manufacture the Bioflux Assimilator, a living engine graft that metabolizes Mist-borne organics: the Tiamat flies faster the deeper into the Mist it goes, and loses OPS HOURS more slowly.","Aunque a simple vista parezca un trozo de tecnología, el dirigible Anu es mitad máquina, mitad organismo vivo. Está basado en un diseño de las aeronaves previas a la plaga, pero los Discípulos de Anu han mejorado su versión y lo han hecho más duradero y eficiente. La nave puede soportar daños graves mientras transporta a un pelotón de 8 soldados a la ubicación seleccionada. La velocidad y el manejo son deficientes, pero su capacidad de almacenamiento y alcance lo compensan.

Our Vehicle Bays can now restore a Tiamat's OPS HOURS at full speed. We can also manufacture the Bioflux Assimilator, a living engine graft that metabolizes Mist-borne organics: the Tiamat flies faster the deeper into the Mist it goes, and loses OPS HOURS more slowly.",
NJ_AIRCRAFT_RESEARCHDEF_COMPLETE_AIRCRAFT_REWORK,Text,,"The New Jericho Thunderbird is a third-generation quad-rotor VTOL transporter, designed specifically for the current battlefield and atmospheric conditions. Covered with reinforced external armor and coated with anti-corrosive material, it offers protection from enemy fire and organic attacks alike.
 
Despite its considerable weight, thanks to its four Vimana-2 engines the Thunderbird is capable of speeds exceeding 320 kph. At present the Thunderbird has a capacity of 7 people, but the design incorporates potential for improving this.

With the airframe fully documented, our Vehicle Bays can restore a Thunderbird's OPS HOURS at full speed. We can also manufacture the Argus Array, a sensor mast that scans the Geoscape for Points of Interest and sharpens our operatives' Return Fire and Overwatch.","新耶利哥雷鸟是第三代四旋翼垂直起降运输机，专门针对当前战场和大气条件设计。它覆盖着加固型外部装甲，并涂有防腐蚀材料，能够抵御敌方火力和有机体的攻击。

雷鸟由四个维马纳-2 型引擎驱动，尽管质量相当重，但时速可以超过 320 公里/小时。目前雷鸟的容量为 7 人，但设计留有改进空间。

With the airframe fully documented, our Vehicle Bays can restore a Thunderbird's OPS HOURS at full speed. We can also manufacture the Argus Array, a sensor mast that scans the Geoscape for Points of Interest and sharpens our operatives' Return Fire and Overwatch.","L'Oiseau de foudre de la Nouvelle-Jéricho est un transporteur troisième génération à quatre rotors, conçu spécifiquement pour le champ de bataille et les conditions athmosphériques actuelles. Recouvert d'une armure externe renforcée et de matériaux anti-corrosion, il offre une bonne couverture contre les tirs ennemis comme les attaques organiques.

Malgré son poids considérable et grâce à ses quatre moteurs Vimana-2, l'Oiseau de foudre est capables de pointes de vitesse dépassant les 320 kph. Pour l'instant, l'Oiseau de foudre peut transporter 7 personnes, mais il est possible d'améliorer sa capacité de transport.

With the airframe fully documented, our Vehicle Bays can restore a Thunderbird's OPS HOURS at full speed. We can also manufacture the Argus Array, a sensor mast that scans the Geoscape for Points of Interest and sharpens our operatives' Return Fire and Overwatch.","Der Thunderbird aus Neu-Jericho ist ein VTOL-Transporter der dritten Generation, der speziell für das derzeitige Schlachtfeld und die atmosphärischen Bedingungen entwickelt wurde. Er hat eine verstärkte Rumpfpanzerung und ist mit einem korrosionsbeständigen Material beschichtet. Er bietet gleichermaßen Schutz vor feindlichem Feuer und organischen Angriffen.
 
Trotz seines beachtlichen Gewichts ist der Thunderbird dank seiner vier Vimana-2-Motoren in der Lage, Geschwindigkeiten von mehr als 320 km/h zu erreichen. Derzeit hat der Thunderbird eine Kapazität von 7 Personen, doch das Design kann noch erweitert werden, um dies zu steigern.

With the airframe fully documented, our Vehicle Bays can restore a Thunderbird's OPS HOURS at full speed. We can also manufacture the Argus Array, a sensor mast that scans the Geoscape for Points of Interest and sharpens our operatives' Return Fire and Overwatch.","Il Thunderbird di Nuova Gerico è un quadrirotore da trasporto a decollo verticale di terza generazione, progettato specificamente per le attuali condizioni atmosferiche e del campo di battaglia. È rinforzato esternamente da una blindatura ed è rivestito di materiale anti-corrosivo, offrendo così protezione sia dal fuoco nemico che dagli attacchi organici.

Nonostante il suo considerevole peso, grazie ai suoi quattro motori Vimana-2 riesce a raggiungere velocità superiori ai 320 km/h. Al momento il Thunderbird ha una capienza di 7 persone, ma il progetto ha margini di miglioramento per questa specifica.

With the airframe fully documented, our Vehicle Bays can restore a Thunderbird's OPS HOURS at full speed. We can also manufacture the Argus Array, a sensor mast that scans the Geoscape for Points of Interest and sharpens our operatives' Return Fire and Overwatch.","Ptak Burzy Nowego Jerycha to transporter VTOL trzeciej generacji wyposażony w cztery wirniki i zaprojektowany specjalnie z myślą o bieżącej sytuacji na polach bitwy i obecnych warunkach atmosferycznych. Dzięki wzmocnionemu zewnętrznemu opancerzeniu i pokryciu warstwą materiału zabezpieczonego przed korozją zapewnia ochronę zarówno przed wrogim ostrzałem, jak i atakami organicznymi.

Mimo znacznej wagi dzięki zastosowaniu czterech silników Vimana-2 Ptak Burzy jest w stanie osiągnąć prędkość przekraczającą 320 km/h. Obecnie w Ptaku Burzy zmieści się 7 osób, ale przy projektowaniu konstrukcji przewidziano możliwość zwiększenia ładowności.

With the airframe fully documented, our Vehicle Bays can restore a Thunderbird's OPS HOURS at full speed. We can also manufacture the Argus Array, a sensor mast that scans the Geoscape for Points of Interest and sharpens our operatives' Return Fire and Overwatch.","«Гром-Птица» Нового Иерихона — это четырехвинтовой транспортный СВВП третьего поколения, который был разработан специально для текущий полевых и атмосферных условий. Покрытый усиленной внешней броней и антикоррозионным материалом, он защищает от вражеского огня и органических атак.
 
Несмотря на свой значительный вес, благодаря четырем двигателям Вимана-2 «Гром-Птица» способна развивать скорость более 320 км/ч. В настоящий момент «Гром-Птица» вмещает в себя 7 человек, но конструкцией предусмотрено возможное расширение вместимости.

With the airframe fully documented, our Vehicle Bays can restore a Thunderbird's OPS HOURS at full speed. We can also manufacture the Argus Array, a sensor mast that scans the Geoscape for Points of Interest and sharpens our operatives' Return Fire and Overwatch.","La Thunderbird de Nueva Jericó es una nave transportadora VTOL de cuatro rotores de tercera generación que está diseñada para soportar las condiciones atmosféricas y los campos de batalla actuales. Está cubierta por una armadura externa reforzada y una capa de material anticorrosivo que protege tanto de los ataques con armas de fuego, como los orgánicos del enemigo.

Pese a su peso, la Thunderbird es capaz de superar velocidades de 320 km/h gracias a sus cuatro motores Vimana-2. Ahora mismo, la Thunderbird puede transportar a 7 personas, pero el diseño permite incorporar cambios para aumentar su capacidad.

With the airframe fully documented, our Vehicle Bays can restore a Thunderbird's OPS HOURS at full speed. We can also manufacture the Argus Array, a sensor mast that scans the Geoscape for Points of Interest and sharpens our operatives' Return Fire and Overwatch.",
NJ_NEURALTECH_RESEARCHDEF_COMPLETE_AIRCRAFT_REWORK,Text,,"After an extensive testing program, direct control of weapons and mounted equipment is now possible with cranial input hubs. The cranial implant procedure has proven to be relatively painless, and allows an individual to co-ordinate weapon systems by sight and thought.

The same hub lets a Thunderbird crew paint a target for the aircraft's own ordnance. We can now manufacture the Lightning Strike Precision Ordnance, which calls down one guided explosive strike per mission onto open ground, and the Argus Array's sweeps no longer come back empty.","经过大量的测试项目后，现在可以利用头骨植入核心直接控制武器和装备。头骨植入手术程序已被证明是相对无痛的，士兵可以通过视觉和思维来协调武器系统。

The same hub lets a Thunderbird crew paint a target for the aircraft's own ordnance. We can now manufacture the Lightning Strike Precision Ordnance, which calls down one guided explosive strike per mission onto open ground, and the Argus Array's sweeps no longer come back empty.","Après un programme de test extensif, le contrôle direct des armes et de l'équipement monté est rendu possible par les implants crâniens. Cet implant est relativement indolore et permet à un individu de coordonner son système d'armement d'un simple regard et d'une simple pensée.

The same hub lets a Thunderbird crew paint a target for the aircraft's own ordnance. We can now manufacture the Lightning Strike Precision Ordnance, which calls down one guided explosive strike per mission onto open ground, and the Argus Array's sweeps no longer come back empty.","Nach Durchführung umfangreicher Tests ist nun die direkte Steuerung von Waffen und angebrachter Ausrüstung anhand Eingabezentren im Schädel selber möglich. Das Implantatverfahren hat sich als relativ schmerzlos erwiesen und ermöglicht es Personen, Waffensysteme durch Sehen und Denken zu koordinieren.

The same hub lets a Thunderbird crew paint a target for the aircraft's own ordnance. We can now manufacture the Lightning Strike Precision Ordnance, which calls down one guided explosive strike per mission onto open ground, and the Argus Array's sweeps no longer come back empty.","La severa procedura di collaudo è stata superata, quindi è ora possibile controllare armi ed equipaggiamento montati tramite porte di ingresso craniali. La procedura di impianto craniale si è dimostrata relativamente indolore, e permette all'individuo di coordinare i sistemi di armi tramite la vista e il pensiero.

The same hub lets a Thunderbird crew paint a target for the aircraft's own ordnance. We can now manufacture the Lightning Strike Precision Ordnance, which calls down one guided explosive strike per mission onto open ground, and the Argus Array's sweeps no longer come back empty.","Po przeprowadzeniu rozległych testów możemy już korzystać z bezpośredniego sterowania bronią i sprzętem za pomocą wszczepianych modułów śródczaszkowych. Procedura implantacji okazała się stosunkowo bezbolesna i umożliwia użytkownikowi koordynowanie systemu broni za pomocą wzroku i myśli.

The same hub lets a Thunderbird crew paint a target for the aircraft's own ordnance. We can now manufacture the Lightning Strike Precision Ordnance, which calls down one guided explosive strike per mission onto open ground, and the Argus Array's sweeps no longer come back empty.","После долгой испытательной программы непосредственное управление оружием и станковым оборудованием возможно с помощью черепных центров ввода. Процедура черепной имплантации оказалась относительно безболезненной, она позволяет человеку координировать системы оружия взглядом и мыслью.

The same hub lets a Thunderbird crew paint a target for the aircraft's own ordnance. We can now manufacture the Lightning Strike Precision Ordnance, which calls down one guided explosive strike per mission onto open ground, and the Argus Array's sweeps no longer come back empty.","Tras un exhaustivo programa de pruebas, ya es posible tener control directo de armas y equipo fijado usando una entrada central craneal. El procedimiento de implementación del implante craneal ha sido relativamente indoloro y permite coordinar sistemas de armas mediante la vista y el pensamiento.

The same hub lets a Thunderbird crew paint a target for the aircraft's own ordnance. We can now manufacture the Lightning Strike Precision Ordnance, which calls down one guided explosive strike per mission onto open ground, and the Argus Array's sweeps no longer come back empty.",
NJ_TECHNICIAN_RESEARCHDEF_COMPLETE_AIRCRAFT_REWORK,Text,,"A new soldier class has been created based on the development of neural implants. Technicians are highly trained support specialists with the ability to control powerful robotic arms though their cranial input hub. Their armor is combined with an exoskeleton framework with mount points for the robotic arms and support for heavy lifting. Technicians are trained in deployment of automated turrets and they are skilled with Personal Defence Weapons.

The same tooling fits an airframe. We can now manufacture the Hephaestus Workshop, a Thunderbird bay that repairs ground vehicles and bionic limbs in flight and restores the Stamina of the operatives wearing them.","基于神经植入的发展，一个新兵种得以建立。技术兵是训练有素的支援专家，他们能通过头骨植入核心控制强大的机械臂。他们的护甲结合了一套外骨骼框架与带有挂载点的机械臂，可以举起重物。技术兵接受了部署自动炮台的训练，能够熟练使用单兵防御武器。

The same tooling fits an airframe. We can now manufacture the Hephaestus Workshop, a Thunderbird bay that repairs ground vehicles and bionic limbs in flight and restores the Stamina of the operatives wearing them.","Un nouveau soldat a été créé grâce au développement d'implants neuronaux. Les techniciens sont des spécialistes de soutien hautement entraînés capables de contrôler de puissants bras robotiques grâce à leurs implants crâniens. Leur armure est combinée à une structure d'exosquelette dotée de point de montage pour les bras robotiques et d'appui pour les lourdes charges. Les techniciens sont formés au déploiement de tourelles automatiques et sont doués pour utiliser des armes de défense personnelle (PDW)

The same tooling fits an airframe. We can now manufacture the Hephaestus Workshop, a Thunderbird bay that repairs ground vehicles and bionic limbs in flight and restores the Stamina of the operatives wearing them.","Auf der Grundlage der Entwicklung neuronaler Implantate haben wir eine neue Soldatenklasse geschaffen. Techniker sind hochqualifizierte Support-Spezialisten mit der Fähigkeit, leistungsstarke Roboterarme über kraniale Eingabe-Hubs zu steuern. Ihre Rüstung enthält ein Exoskelett mit Anschlusspunkten für die Roboterarme und Unterstützung für schweres Heben. Techniker sind im Einsatz von automatisierten Türmen geschult und verfügen über individuelle Verteidigungswaffen.

The same tooling fits an airframe. We can now manufacture the Hephaestus Workshop, a Thunderbird bay that repairs ground vehicles and bionic limbs in flight and restores the Stamina of the operatives wearing them.","È stata creata una nuova classe di soldato sfruttando lo sviluppo degli impianti neurali. I tecnici sono degli specialisti di supporto altamente addestrati capaci di controllare potenti bracci robotici tramite la loro porta di ingresso craniale. La loro armatura è unita a una struttura a esoscheletro con punti di montaggio per i bracci robotici e il supporto per sollevare carichi pesanti. I tecnici sono specializzati nello schieramento di torrette automatiche e padroneggiano le armi di difesa personale.

The same tooling fits an airframe. We can now manufacture the Hephaestus Workshop, a Thunderbird bay that repairs ground vehicles and bionic limbs in flight and restores the Stamina of the operatives wearing them.","W oparciu o rozwój implantów neuronowych stworzono nową klasę żołnierzy. Technicy to bardzo dobrze wyszkoleni specjaliści wsparcia, którzy potrafią kontrolować potężne ramiona robotyczne dzięki modułom śródczaszkowym. Ich pancerz połączono z ramą egzoszkieletu wyposażoną w punkty mocowania ramion robotycznych i umożliwiającą podnoszenie dużych ciężarów. Technicy są przeszkoleni w zakresie rozlokowywania wieżyczek automatycznych, a także potrafią obsługiwać broń ochrony osobistej (PDW).

The same tooling fits an airframe. We can now manufacture the Hephaestus Workshop, a Thunderbird bay that repairs ground vehicles and bionic limbs in flight and restores the Stamina of the operatives wearing them.","Новый боевой класса создан на основе разработок нейронных имплантантов. Техники — это хорошо подготовленные специалисты по поддержке, способные управлять мощными манипуляторами через черепной центр ввода. Их броня сочетается с экзоскелетом, оснащенным точками крепления для манипуляторов и опорой для тяжелых грузов. Техники проходят обучение по развертыванию автоматических турелей, а также могут обращаться с оружием самообороны.

The same tooling fits an airframe. We can now manufacture the Hephaestus Workshop, a Thunderbird bay that repairs ground vehicles and bionic limbs in flight and restores the Stamina of the operatives wearing them.","Se ha diseñado una nueva clase de soldado a partir del desarrollo de implantes neuronales. Los técnicos son especialistas de apoyo altamente capacitados que tiene la habilidad de controlar poderosos brazos robóticos a través de entradas centrales craneales. Visten una armadura que combina una estructura de exoesqueleto con zonas preparadas para los brazos robóticos y un soporte para levantamiento de cargas. Los técnicos han sido entrenados para el despliegue de torretas y son competentes con armas de defensa personal (PDW).

The same tooling fits an airframe. We can now manufacture the Hephaestus Workshop, a Thunderbird bay that repairs ground vehicles and bionic limbs in flight and restores the Stamina of the operatives wearing them.",
NJ_VEHICLETECH_RESEARCHDEF_COMPLETE_AIRCRAFT_REWORK,Text,,"A new all-terrain Armored Personnel Carrier that utilizes hybrid electric charging and bio-fuels has been developed. It is fully AI controlled, heavily armored, and capable of carrying 4 fully loaded soldiers. A new automated gauss gun turret has been mounted to help with combat operations. The new APC, codenamed Armadillo, is set for production.

The Armadillo's drivetrain diagnostics scale up to an airframe. We can now manufacture the Daedalus Overdrive Suite, a Thunderbird package that adds range and speed and slows the aircraft's loss of OPS HOURS.","一种利用混合充电和生物燃料的新型全地形装甲运兵车已成功研发。它完全由人工智能控制，拥有厚重的装甲，能够搭载 4 个全副武装的士兵。为协助作战行动，还搭载了新型自动高斯炮台。代号为“犰狳”的新型装甲运兵车已准备好投产。

The Armadillo's drivetrain diagnostics scale up to an airframe. We can now manufacture the Daedalus Overdrive Suite, a Thunderbird package that adds range and speed and slows the aircraft's loss of OPS HOURS.","Un nouveau véhicule blindé tout terrain utilisant un système hybride de charge électrique et de biocarburants a été développé. Il est entièrement contrôlé par une intelligence artificielle, lourdement blindé et capable de transporter 4 soldats avec une charge complète. Une nouvelle tourelle Gauss automatique y a été fixée pour aider avec les opérations de combat. Le nouvel APC, nom de code Priodonte, est prêt pour la production.

The Armadillo's drivetrain diagnostics scale up to an airframe. We can now manufacture the Daedalus Overdrive Suite, a Thunderbird package that adds range and speed and slows the aircraft's loss of OPS HOURS.","Ein neuer geländegängiger Schützenpanzerwagen mit Hybrid-Elektroantrieb und Biokraftstoff-Nutzung wurde entwickelt. Das Fahrzeug ist vollständig KI-gesteuert, schwer gepanzert und bietet Platz für vier voll ausgerüstete Soldaten. Zur Unterstützung bei Kampfeinsätzen wurde ein neuer, automatisierter Gauß-Geschützturm montiert. Der Schützenpanzerwagen mit dem Codenamen „Armadillo“ ist nun bereit für die Serienfertigung.

The Armadillo's drivetrain diagnostics scale up to an airframe. We can now manufacture the Daedalus Overdrive Suite, a Thunderbird package that adds range and speed and slows the aircraft's loss of OPS HOURS.","È stato sviluppato un veicolo blindato per trasporto truppe adatto a tutti i terreni, che utilizza un sistema ibrido a carica elettrica e biocarburanti. Il mezzo è controllato integralmente dall'IA ed è capace di trasportare 4 soldati a pieno carico. È stata montata una nuova torretta gauss automatica a supporto delle operazioni di combattimento. Il nuovo veicolo trasporto truppe, nome in codice Armadillo, è pronto per la produzione.

The Armadillo's drivetrain diagnostics scale up to an airframe. We can now manufacture the Daedalus Overdrive Suite, a Thunderbird package that adds range and speed and slows the aircraft's loss of OPS HOURS.","Opracowano nowy terenowy transporter opancerzony do przewozu osób, w którym wykorzystano napęd hybrydowy zasilany elektrycznie i biopaliwami. Jest w pełni sterowany przez sztuczną inteligencję, mocno opancerzony i może przewieźć czterech w pełni uzbrojonych żołnierzy. Zamocowano na nim nową, automatyczną wieżyczkę z działem Gaussa, aby ułatwić prowadzenie operacji wojskowych. Produkcja tego nowego pojazdu nazywanego Armadillo ma rozpocząć się już wkrótce.

The Armadillo's drivetrain diagnostics scale up to an airframe. We can now manufacture the Daedalus Overdrive Suite, a Thunderbird package that adds range and speed and slows the aircraft's loss of OPS HOURS.","Разработан новый бронетранспортер высокой проходимости, который работает на электричестве и биотопливе. Он полностью управляется ИИ, имеет тяжелую броню и может перевозить 4 полностью экипированных солдат. Установлена новая автоматизированная гауссова пушка-турель, которая будет помогать во время боевых операций. Новый БТР, получивший кодовое название «Броненосец», готов к производству.

The Armadillo's drivetrain diagnostics scale up to an airframe. We can now manufacture the Daedalus Overdrive Suite, a Thunderbird package that adds range and speed and slows the aircraft's loss of OPS HOURS.","Se ha desarrollado un nuevo transporte todoterreno de personal armado que es un híbrido de energía eléctrica y biocombustibles. Se controla con IA, posee una armadura pesada y es capaz de transportar a 4 soldados completamente cargados. Se ha montado una torreta de Gauss para ayudar en operaciones de combate. Este nuevo vehículo (APC) ha recibido el nombre clave de Armadillo y ya se puede construir.

The Armadillo's drivetrain diagnostics scale up to an airframe. We can now manufacture the Daedalus Overdrive Suite, a Thunderbird package that adds range and speed and slows the aircraft's loss of OPS HOURS.",
PX_ALIEN_SPAWNERY_RESEARCHDEF_COMPLETE_AIRCRAFT_REWORK,Text,,"Although the exact method of mutation remains unknown, it has been confirmed that the Spawnery is capable of producing more advanced Pandoran creatures. What we have learned is that the specimen determines the exact nature of the batch it breeds, creating the mutations best suited for its needs. At this point, it remains unknown where the Spawnery receives the biomass needed to create such vast amounts of mutations. Analyses of Spawnery samples have revealed the presence of hundreds of strands of DNA, including human, though not all of them appear to be used in the creation of its progeny.

ADDITIONAL FINDINGS: Field reports have confirmed that destroying a Spawnery effectively renders the Lair inoperable, causing the structure to be abandoned.

The drone swarms the Spawnery uses to shift biomass have been reverse-engineered into Salvage Drones, an aircraft module that recovers everything left on the ground even when we have to withdraw from a field we do not hold.","尽管确切的变异方式仍然未知，但这已经证明了产卵腔能够繁殖出更加高等的潘多拉体生物。我们所了解到的是，样本能够决定它繁殖的后代性质，创造出最适合自身需求的变异体。产卵腔究竟是如何接收生物质并创造出数量如此之多的变异体，这一点仍然未知。通过对产卵腔样本的分析，我们发现了包括人类在内的数百条 DNA 链，不过并不是所有的 DNA 链都被用于繁殖后代。

额外发现：现场报告证实，摧毁一个产卵腔可以有效地使大巢穴无法运作并导致其荒废。

The drone swarms the Spawnery uses to shift biomass have been reverse-engineered into Salvage Drones, an aircraft module that recovers everything left on the ground even when we have to withdraw from a field we do not hold.","Bien que la méthode exacte de mutation reste inconnue, il a été confirmé que l'écloserie est capable de produire plus de créatures pandoriennes avancées. Nous avons appris que le spécimen détermine la nature exacte du lot qu'elle couve, créant les mutations les mieux adaptées à ses besoins. À ce stade, nous ne savons toujours pas d'où l'écloserie reçoit la biomasse nécessaire pour créer des mutations en si grande quantité. Les analyses d'échantillons ont révélé la présence de centaines de souches ADN, y compris humain, bien que toutes ne semblent pas servir à la création de ses progénitures.

RÉSULTATS COMPLÉMENTAIRES : les rapports sur le terrain confirment que la destruction d'une écloserie rend la Tanière inutilisable et entraîne l'abandon de la structure.

The drone swarms the Spawnery uses to shift biomass have been reverse-engineered into Salvage Drones, an aircraft module that recovers everything left on the ground even when we have to withdraw from a field we do not hold.","Obwohl die genaue Art der Mutation unbekannt bleibt, konnten wir bestätigen, dass der Brutstock in der Lage ist, mehr fortgeschrittene Pandoraner-Kreaturen hervorzubringen. Wir haben herausgefunden, dass das Exemplar die Art der Kreaturen, die er züchtet, selbst bestimmt, und so Mutationen erschafft, die er für seinen eigenen Zwecke benötigt. Bisher wissen wir nicht, woher der Brutstock die Biomasse erhält, die er benötigt, um so große Mengen an Mutationen zu erzeugen. Analysen von Brutstockproben haben die Existenz von Hunderten von DNA-Strängen aufgedeckt, einschließlich denen von Menschen, obwohl offenbar nicht alle von ihnen bei der Entstehung ihrer Brut verwendet werden.

ZUSÄTZLICHE ERKENNTNISSE: Einsatzberichte haben bestätigt, dass die Zerstörung eines Brutkstocks den Bau quasi außer Betrieb setzt, woraufhin die Pandoraner ihn aufgeben.

The drone swarms the Spawnery uses to shift biomass have been reverse-engineered into Salvage Drones, an aircraft module that recovers everything left on the ground even when we have to withdraw from a field we do not hold.","Sebbene il metodo di mutazione esatto rimanga un enigma, è tuttavia confermato che l'Incubatrice riesca a generare creature Pandora più avanzate. Abbiamo capito che il campione determina la natura esatta del gruppo che genera, creando le mutazioni migliori per i propri bisogni. Ora rimane da chiarire da dove giunga la biomassa necessaria per creare così tante mutazioni. Le analisi di campioni di Incubatrice hanno rivelato la presenza di centinaia di filamenti di DNA, di cui alcuni umani, sebbene non tutti sembrino destinati alla creazione di mutanti.

Scoperte aggiuntive: Alcuni report dal campo confermano che la distruzione di un'Incubatrice rende la tana inattiva, causando l'abbandono della struttura.

The drone swarms the Spawnery uses to shift biomass have been reverse-engineered into Salvage Drones, an aircraft module that recovers everything left on the ground even when we have to withdraw from a field we do not hold.","Choć dokładny mechanizm mutacji pozostaje nieznany, potwierdziliśmy, że wyroisko jest w stanie produkować bardziej zaawansowanych Panodran. Okaz określa dokładną naturę tworzonego organizmu, wywołując mutacje dostosowane do jego potrzeb. Na daną chwilę nie jest jasne, skąd wyroisko pozyskuje biomasę niezbędną do tworzenia tylu mutacji. Analiza próbek pobranych z okazu wykazała obecność setek łańcuchów DNA, w tym ludzkiego, choć nie wszystkie z nich są obecne w tworzonych przez wyroisko organizmach.

DODATKOWE USTALENIA: raporty z terenu potwierdziły, że zniszczenie wyroiska czyni leże bezużytecznym, prowadząc do jego opuszczenia.

The drone swarms the Spawnery uses to shift biomass have been reverse-engineered into Salvage Drones, an aircraft module that recovers everything left on the ground even when we have to withdraw from a field we do not hold.","Хотя точный способ мутации остается неизвестным, подтверждено, что в инкубаторе могут создаваться более продвинутые пандораны. Мы выяснили, что образец определяет точную природу создаваемых существ, производя мутации, наиболее подходящие для своих потребностей. Сейчас неизвестным остается лишь одно — где инкубатор находит биомассу, необходимую для создания такого огромного количества мутаций. Анализы образцов инкубатора показали присутствие сотен нитей ДНК, включая человеческие. Однако, вероятно, не все из них используются при создании потомства.

ДОПОЛНИТЕЛЬНЫЕ СВЕДЕНИЯ: Полевые доклады подтвердили, что уничтожение инкубатора фактически лишает логово его главной функции, в результате чего сооружение в последствии останется заброшенным.

The drone swarms the Spawnery uses to shift biomass have been reverse-engineered into Salvage Drones, an aircraft module that recovers everything left on the ground even when we have to withdraw from a field we do not hold.","Aunque se desconoce el método de mutación exacto, se ha confirmado que la engendradora tiene la capacidad de producir criaturas pandorianas más avanzadas. Hemos averiguado que el espécimen determina la naturaleza exacta de su prole, por lo que crea las mutaciones que mejor se adaptan a sus necesidades. Hoy en día sigue siendo una incógnita de dónde recibe la biomasa necesaria para crear semejantes cantidades de mutaciones. En las muestras de engendradoras se han hallado cientos de ADN distintos, incluyendo el humano; sin embargo, parece que no todos los tipos se usan en la creación de su progenie.

Hallazgos adicionales: Los informes de campo han confirmado que, al destruir una engendradora, la guarida queda inservible y la estructura es abandonada.

The drone swarms the Spawnery uses to shift biomass have been reverse-engineered into Salvage Drones, an aircraft module that recovers everything left on the ground even when we have to withdraw from a field we do not hold.",
SYN_AIRCRAFT_RESEARCHDEF_COMPLETE_AIRCRAFT_REWORK,Text,,"Synedrion aircraft are based on fourth-generation hovercrafts modified for air travel. Powered by fusion cell technology, the aircraft can carry a squad of 5, or a land vehicle with 2 soldiers. The vehicle's relatively small capacity is compensated for by its high acceleration and maximum velocity.

With the airframe fully documented, our Vehicle Bays can restore a Helios' OPS HOURS at full speed. Synedrion's engine designs also make our Helios craft faster.","平衡议会飞船是基于第四代气垫船为了适应空中旅行改装而成的飞船。飞船供能采用核聚变电池技术，可装载一支 5 人小队或一辆搭载 2 名士兵的陆地载具。这种载具的容量相对较小，但具有较快的速度和更高的加速度。

With the airframe fully documented, our Vehicle Bays can restore a Helios' OPS HOURS at full speed. Synedrion's engine designs also make our Helios craft faster.","Les vaisseaux du Synédrion sont basés sur des aéroglisseurs de quatrième génération modifiés pour le transport aérien. Propulsé par la technologie des cellules à fusion, le vaisseau peut transporter une escouade de 5 personnes, ou un véhicule terrestre et 2 soldats. La capacité relativement petite du véhicule est compensée par sa grande puissance d'accélération ainsi que sa vitesse maximale.

With the airframe fully documented, our Vehicle Bays can restore a Helios' OPS HOURS at full speed. Synedrion's engine designs also make our Helios craft faster.","Synedrions Fluggeräte basieren auf Hovercrafts der vierten Generation, die für den Flugbetrieb modifiziert wurden. Dank Fusionszellentechnologie kann das Schiff ein fünfköpfiges Einsatzteam oder ein Landfahrzeug mit zwei Soldaten transportieren. Die vergleichsweise geringe Ladekapazität wird durch enorme Beschleunigung und eine hohe Endgeschwindigkeit ausgeglichen.

With the airframe fully documented, our Vehicle Bays can restore a Helios' OPS HOURS at full speed. Synedrion's engine designs also make our Helios craft faster.","I velivoli Synedrion si basano su hovercraft di quarta generazione modificati per il volo. Alimentati tramite tecnologia a celle di fusione, questi velivoli possono trasportare una squadra di cinque, o un veicolo terrestre con due soldati. La portata relativamente ridotta viene compensata dall'elevata accelerazione e dalla velocità massima.

With the airframe fully documented, our Vehicle Bays can restore a Helios' OPS HOURS at full speed. Synedrion's engine designs also make our Helios craft faster.","Statki powietrzne Synedrionu są oparte na poduszkowcach czwartej generacji zmodyfikowanych pod kątem transportu powietrznego. Zasilany przez ogniwa fuzyjne pojazd może pomieścić 5-osobowy oddział lub pojazd lądowy z 2 żołnierzami. Stosunkowo niewielką pojemność nadrabia dużym przyśpieszeniem i maksymalną prędkością.

With the airframe fully documented, our Vehicle Bays can restore a Helios' OPS HOURS at full speed. Synedrion's engine designs also make our Helios craft faster.","Воздушные судна Синедриона сконструированы на базе четвертого поколения судов на воздушной подушке, модифицированного для перемещений по воздуху. Воздушное судно, работающее на технологии термоядерного синтеза, вмещает отряд из 5 человек или наземную машину с 2 солдатами. Относительно небольшая вместимость машины компенсируется быстрым ускорением и большой скоростью.

With the airframe fully documented, our Vehicle Bays can restore a Helios' OPS HOURS at full speed. Synedrion's engine designs also make our Helios craft faster.","Las naves de Synedrion son aerodeslizadores de cuarta generación modificados para el transporte aéreo. Funcionan con tecnología de fusión celular y pueden albergar a un pelotón de 5 o a un vehículo terrestre con 2 soldados. Su capacidad relativamente pequeña se compensa con su gran aceleración y velocidad.

With the airframe fully documented, our Vehicle Bays can restore a Helios' OPS HOURS at full speed. Synedrion's engine designs also make our Helios craft faster.",
SYN_MISTREPELLERS_RESEARCHDEF_COMPLETE_AIRCRAFT_REWORK,Text,,"Mist Repellers are based on a complex set of interconnected technologies, including nanite swarms capable of advanced molecular recognition and powerful magnetic field generators, making it finally possible to slow the encroachment of the mist.

Mist Repellers constructed within Synedrion havens will begin the process of reclaiming the earth, and are a key part of Synedrion strategy. Deployment of this technology will make bases and settlements considerably more safe, but does not by itself constitute a long-term solution to the Pandoran threat, as only the mist itself is affected. Furthermore, any repeller construction will certainly antagonize other factions and potentially result in conflict.

We can use the technology for building repellers in our own bases, and do our bit for the future of humanity.

The emitters can be mounted on an airframe. We can now manufacture the Boreas Purger, a Helios module that disperses half the Mist on a battlefield every turn and spares the squad the Delirium that comes of landing in a Delirium Area.","散雾器基于一套相互关联的复杂技术，其中包括能够进行高级分子识别的纳米机器人组和强大的磁场发生器，从而减缓迷雾的入侵速度。

平衡议会避难所中建造的散雾器是议会策略中的关键一环，能够帮助人类夺回被迷雾笼罩的土地。部署这种技术能够大幅提升基地和定居点的安全，但散雾器并不能成为解决潘多拉体威胁的长期方案，因为它只能解决迷雾的问题。不仅如此，散雾器的修建肯定会激怒其他派系，并且可能引发冲突。

我们可以在自己的基地中修建散雾器，为人类的未来献上我们应尽的一份力量。

The emitters can be mounted on an airframe. We can now manufacture the Boreas Purger, a Helios module that disperses half the Mist on a battlefield every turn and spares the squad the Delirium that comes of landing in a Delirium Area.","Les repousseurs de brume sont basés sur un savant mélange de technologies interconnectées, notamment d'essaims de nanites doués d'une reconnaissance moléculaire avancée et de puissants générateurs de champ magnétique, permettant enfin de ralentir la progression de la brume.

Les repousseurs de brume construits dans les refuges du Synédrion entameront le processus de récupération de la Terre et forment une partie essentielle de la stratégie du Synédrion. Le déploiement de cette technologie rendra les bases et les colonies beaucoup plus sûres, mais ne constitue pas une solution viable contre la menace pandorienne sur le long terme, étant donné que seule la brume est affectée. En outre, les repousseurs attireront sûrement les foudres d'autres factions, ce qui pourrait bien entraîner des conflits.

Nous pouvons employer cette technologie pour construire des repousseurs sur nos propres bases et contribuer ainsi au futur de l'humanité.

The emitters can be mounted on an airframe. We can now manufacture the Boreas Purger, a Helios module that disperses half the Mist on a battlefield every turn and spares the squad the Delirium that comes of landing in a Delirium Area.","Die Nebelabwehranlage basiert auf einer komplexen Reihe gekoppelter Technologien, darunter Nanitenschwärme für eine fortschrittliche Erkennung auf Molekularebene sowie leistungsstarke Magnetfeldgeneratoren, die es letztlich ermöglichen, das Vordringen des Nebels zu verlangsamen.

Nebelabwehranlagen, die in Synedrion-Zufluchten gebaut werden, beginnen mit dem Prozess der Rückeroberung der Erde und sind ein wichtiger Bestandteil der Strategie Synedrions. Der Einsatz dieser Technologie ist ein wesentlicher Faktor bei der Sicherung von Basen und Siedlungen, stellt aber allein keine langfristige Lösung für die Pandora-Bedrohung dar. Darüber hinaus wird jede weitere Abwehranlage die anderen Fraktionen verärgern und somit möglicherweise zu Konflikten führen.

Wir können diese Technologie für den Aufbau von Abwehranlagen in unseren eigenen Basen nutzen und so unseren Beitrag für die Zukunft der Menschheit leisten.

The emitters can be mounted on an airframe. We can now manufacture the Boreas Purger, a Helios module that disperses half the Mist on a battlefield every turn and spares the squad the Delirium that comes of landing in a Delirium Area.","I Repellenti per bruma sono basati su una serie di tecnologie interconnesse, tra le quali sciami di naniti capaci di una identificazione molecolare avanzata e potenti generatori di campi magnetici, che rendono finalmente possibile rallentare l'avvicinamento della bruma.

I Repellenti per bruma assemblati nei rifugi Synedrion inizieranno il processo di riconquista della Terra, e saranno una componente fondamentale della strategia di Synedrion. L'utilizzo di questa tecnologia garantirà una ben maggiore sicurezza di basi e insediamenti, sebbene non sia una soluzione a lungo termine alla minaccia Pandora, poiché in grado di colpire solamente la bruma. Inoltre, la costruzione di ogni repellente attirerà l'astio di altre fazioni e potrebbe causare conflitti interni.

Possiamo costruire repellenti nelle nostre basi e fare la nostra parte per salvare l'uomo.

The emitters can be mounted on an airframe. We can now manufacture the Boreas Purger, a Helios module that disperses half the Mist on a battlefield every turn and spares the squad the Delirium that comes of landing in a Delirium Area.","Rozpraszacze mgły wykorzystują szereg połączonych technologii, w tym roje nanorobotów o zaawansowanych zdolnościach rozpoznawania struktury molekularnej oraz potężne generatory pola magnetycznego, które umożliwiają spowolnienie postępu mgły.

Urządzenia budowane w bastionach Synedrionu rozpoczną proces odzyskiwania Ziemi i stanowią część strategii tej organizacji. Wdrożenie technologii zapewni większe bezpieczeństwo w bazach i osadach, choć nie rozwiązuje problemu Pandoran w dalszej perspektywie, gdyż wpływa wyłącznie na samą mgłę. Ponadto budowa rozpraszaczy z pewnością spotka się z wrogą reakcją innych frakcji, potencjalnie prowadząc do konfliktu.

Możemy użyć tej technologii do budowy rozpraszaczy we własnych bazach, pomagając w zapewnianiu lepszej przyszłości dla ludzkości.

The emitters can be mounted on an airframe. We can now manufacture the Boreas Purger, a Helios module that disperses half the Mist on a battlefield every turn and spares the squad the Delirium that comes of landing in a Delirium Area.","В основе противотуманного комплекса лежит сложный набор взаимосвязанных технологий, в том числе нанитовых роев, способных к продвинутому молекулярному распознаванию, и мощных генераторов магнитного поля, что в конечном итоге замедляет проникновения тумана.

С помощью противотуманных комплексов, установленных в убежищах Синедриона, начнется процесс освоения Земли. А эти комплексы станут ключевой частью стратегии Синедриона. Развертывание этой технологии сделает базы и поселения более безопасными, но ее нельзя считать долгосрочным решением пандоранской угрозы, поскольку затрагивается только туман. Кроме того, строительство противотуманного комплекса, безусловно, приведет к противодействию со стороны других фракций, а, возможно, и к конфликту.

Мы можем использовать эту технологию для создания противотуманных комплексов на наших собственных базах и, таким образом, внести свой вклад в будущее человечества.

The emitters can be mounted on an airframe. We can now manufacture the Boreas Purger, a Helios module that disperses half the Mist on a battlefield every turn and spares the squad the Delirium that comes of landing in a Delirium Area.","Los repelentes de niebla están formados por un conjunto de tecnologías interconectadas. Contienen enjambres de nanoides con capacidad de reconocimiento molecular avanzado y unos potentes generadores de campos magnéticos.  Gracias a esta tecnología, por fin es posible adentrarse en la niebla.

Los repelentes de niebla construidos en los refugios de Synedrion, elementos clave de su estrategia, iniciarán el proceso de reapropiación de la Tierra. El despliegue de esta tecnología hará que las bases y los asentamientos sean mucho más seguros, pero no solucionará la amenaza pandoriana a largo plazo, ya que solamente la propia niebla se ve afectada por ella. Además, la construcción de repelentes suscitará enemistades con otras facciones y podría dar pie a otros conflictos.

Podemos usar la tecnología para fabricar repelentes en nuestras propias bases y así contribuir a la construcción de un futuro esperanzador para la humanidad.

The emitters can be mounted on an airframe. We can now manufacture the Boreas Purger, a Helios module that disperses half the Mist on a battlefield every turn and spares the squad the Delirium that comes of landing in a Delirium Area.",
SYN_MOONMISSION_RESEARCHDEF_COMPLETE_AIRCRAFT_REWORK,Text,,"The designs and calculations for the proposed Moon mission are finally complete. A manned mission is impossible under these circumstances, and the history of the Phoenix Project shows that interacting with the Pandoravirus in space is just as risky as on Earth, so an unmanned probe has been constructed, partially re-using elements of existing Synedrion vehicles.

With the first part of the project finished, it is now time to build the actual launch site.

The probe's airframe work feeds straight back into our own. Every Helios gains two further passenger seats and another increase in speed.","月球任务的计划与测算终于完工了。在如今的环境下，载人飞行任务是一件不切实际的事情。不仅如此，根据凤凰计划的历史记录，在太空接触潘多拉病毒与在地球上同样危险，因此我们对现存的平衡议会载具元素进行了再利用，建造了一架无人探测机。

既然计划的第一部分已经完成，现在是时候修建实际的发射地点了。

The probe's airframe work feeds straight back into our own. Every Helios gains two further passenger seats and another increase in speed.","Nous avons enfin achevé les plans et les calculs pour la mission lunaire proposée. Une mission habitée est impossible dans les circonstances actuelles, et l'histoire du projet Phoenix montre qu'il est tout aussi dangereux d'interagir avec le Pandoravirus dans l'espace que sur Terre. Pour cette raison, nous avons construit une sonde non habitée en réutilisant en partie certains éléments provenant de véhicules existants du Synédrion.

Maintenant que la première phase du projet est achevée, le moment est venu de construire le site de lancement.

The probe's airframe work feeds straight back into our own. Every Helios gains two further passenger seats and another increase in speed.","Die Entwürfe und Berechnungen für die geplante Mondmission sind endlich abgeschlossen. Eine bemannte Mission wäre unter diesen Umständen unmöglich, und die Geschichte des Phoenix-Projekts zeigt, dass der Umgang mit dem Pandoravirus im Weltraum genauso riskant wie auf der Erde ist, sodass eine unbemannte Sonde, teilweise unter Verwendung von Bauteilen aus vorhandenen Synedrion-Luftfahrzeugen, gebaut wurde.

Nachdem der erste Teil des Projekts nun abgeschlossen ist, wird es Zeit, die Abschussbasis an sich zu errichten.

The probe's airframe work feeds straight back into our own. Every Helios gains two further passenger seats and another increase in speed.","I piani e i calcoli per la missione lunare sono finalmente giunti al termine. In queste circostanze una missione umana è da escludere, e la storia del Progetto Phoenix mostra che l'interazione col Pandoravirus nello spazio è altrettanto rischiosa che sulla Terra. È stata quindi costruita una sonda robotica riutilizzando, in parte, componenti di veicoli di Synedrion.

Dato che la prima parte del progetto è terminata, si può ora procedere alla costruzione del sito di lancio vero e proprio.

The probe's airframe work feeds straight back into our own. Every Helios gains two further passenger seats and another increase in speed.","Projekty i obliczenia na potrzeby proponowanego lotu na Księżyc zostały ukończone. Zważywszy na okoliczności, załogowa misja jest wykluczona: historia Projektu Phoenix pokazuje, że interakcja z Pandorawirusem w kosmosie jest równie ryzykowna co na Ziemi. Dlatego zbudowano autonomiczną sondę wykorzystującą części z istniejących pojazdów Synedrionu.

Pierwsza część projektu dobiegła końca. Teraz czas zbudować bazę kosmiczną, z której wystrzelimy sondę.

The probe's airframe work feeds straight back into our own. Every Helios gains two further passenger seats and another increase in speed.","Проекты и расчеты для предполагаемой миссии на Луне наконец завершены. В этих условиях пилотируемая миссия невозможна, и история Проекта Феникс показывает, что взаимодействие с пандоравирусом в космосе столь же рискованно, как и на Земле, поэтому был создан беспилотный зонд, частично использующий элементы существующих машин Синедриона.

Когда первая часть проекта завершена, настало время создать настоящую пусковую площадку.

The probe's airframe work feeds straight back into our own. Every Helios gains two further passenger seats and another increase in speed.","Los diseños y cálculos de la próxima misión a la Luna ya se han completado. Es imposible llevar a cabo una misión tripulada en estas circunstancias, y la historia del Proyecto Fénix demuestra que interactuar con el Pandoravirus en el espacio es tan arriesgado como en la Tierra. Por eso, hemos construido una sonda no tripulada reutilizando partes de vehículos de Synedrion.

Ahora que la primera parte del proyecto ha concluido, es momento de construir la plataforma de lanzamiento.

The probe's airframe work feeds straight back into our own. Every Helios gains two further passenger seats and another increase in speed.",
SYN_ROVER_RESEARCHDEF_COMPLETE_AIRCRAFT_REWORK,Text,,"Adapting aircraft technology, the Aspida is capable of hover movement — 45 centimeters from the ground — carrying 1 occupant at virtually infinite distances using existing fusion cell technology. In addition, the Aspida is equipped with automated field surgery robotics, usable anywhere in the field.

The Aspida's field surgery robotics miniaturize into the Panacea Nexus, a Helios module that bathes everyone on board in regenerative nanites, though the swarms only become therapeutic once Advanced Nanotechnology is complete. A Helios can also stow an Aspida in a single passenger space.","采用了飞船技术的悬浮车能够在离地 45 厘米的空中悬浮，可搭载 1 人。利用现有的核聚变电池技术，悬浮车几乎能够无限行驶。此外，悬浮车装备有自动野战手术机器人，可在战场上的任何地方使用。

The Aspida's field surgery robotics miniaturize into the Panacea Nexus, a Helios module that bathes everyone on board in regenerative nanites, though the swarms only become therapeutic once Advanced Nanotechnology is complete. A Helios can also stow an Aspida in a single passenger space.","Adaptant la technologie des vaisseaux, l'Aspida est capable de se déplacer à 45 centimètres du sol et de transporter 1 personne sur des distances pour ainsi dire infinies, grâce à la technologie de cellules à fusion existante. En outre, l'Aspida est équipé d'unités robotiques dotées de protocoles médicaux automatisés pouvant être utilisées partout sur le terrain.

The Aspida's field surgery robotics miniaturize into the Panacea Nexus, a Helios module that bathes everyone on board in regenerative nanites, though the swarms only become therapeutic once Advanced Nanotechnology is complete. A Helios can also stow an Aspida in a single passenger space.","Durch Anpassung von Luftfahrttechnologie ist die Aspida in der Lage, sich mit der vorhandenen Fusionszellentechnologie 45 Zentimeter über dem Boden zu bewegen und dabei 1 Passagier auf nahezu unendliche Entfernungen zu transportieren. Außerdem ist die Aspida mit automatisierter Feldchirurgie-Robotik ausgestattet, die überall auf dem Feld einsetzbar ist.

The Aspida's field surgery robotics miniaturize into the Panacea Nexus, a Helios module that bathes everyone on board in regenerative nanites, though the swarms only become therapeutic once Advanced Nanotechnology is complete. A Helios can also stow an Aspida in a single passenger space.","Adattando una tecnologia per i velivoli, l'Aspida è in grado di fluttuare a circa 45 centimetri dal terreno e di trasportare fino a 1 passeggero a distanze potenzialmente infinite grazie all'alimentazione a celle di fusione. Inoltre, l'Aspida è dotato di tecnologia robotica automatica per la chirurgia d'emergenza, utilizzabile su qualsiasi campo di battaglia.

The Aspida's field surgery robotics miniaturize into the Panacea Nexus, a Helios module that bathes everyone on board in regenerative nanites, though the swarms only become therapeutic once Advanced Nanotechnology is complete. A Helios can also stow an Aspida in a single passenger space.","Wykorzystująca zmodyfikowaną technologię lotniczą Aspida może unosić się 45 centymetrów nad ziemią i mieści 1 osobę. Dzięki zastosowaniu istniejących ogniw fuzyjnych zasięg pojazdu jest praktycznie nieograniczony. Aspida jest również wyposażona w roboty do automatycznej chirurgii polowej, z których można korzystać w dowolnym miejscu w terenie.

The Aspida's field surgery robotics miniaturize into the Panacea Nexus, a Helios module that bathes everyone on board in regenerative nanites, though the swarms only become therapeutic once Advanced Nanotechnology is complete. A Helios can also stow an Aspida in a single passenger space.","«Аспида» способна парить в воздухе на уровне 45 см от земли и перевозить 1 пассажира на практически бесконечные расстояния, используя существующую технологию синтеза клеток. Кроме того, «Аспида» оснащена автоматизированным робототехническим полевым хирургическим оборудованием, которое можно использовать в любой момент.

The Aspida's field surgery robotics miniaturize into the Panacea Nexus, a Helios module that bathes everyone on board in regenerative nanites, though the swarms only become therapeutic once Advanced Nanotechnology is complete. A Helios can also stow an Aspida in a single passenger space.","El Aspida, fabricado con tecnología de aeronaves adaptada, es capaz de desplazarse planeando a 45 centímetros del suelo. Gracias la tecnología de fusión celular actual, puede transportar a 1 pasajero a prácticamente cualquier distancia. Además, el Aspida está equipado con un sistema robótico de campo automatizado que puede usarse en cualquier lugar del campo de batalla.

The Aspida's field surgery robotics miniaturize into the Panacea Nexus, a Helios module that bathes everyone on board in regenerative nanites, though the swarms only become therapeutic once Advanced Nanotechnology is complete. A Helios can also stow an Aspida in a single passenger space.",
SYN_SENTIENTAITECH_RESEARCHDEF_COMPLETE_AIRCRAFT_REWORK,Text,,"Research into artificial intelligence was a controversial subject in the early days of Synedrion, but scientific freedom meant that inevitably, artificial sentient lifeforms were eventually developed. 

The AI developed by Dr. Marco Matterani and his team, known as Barnabas, has produced several copies and versions of itself, and these in turn have created further offspring. All of these entities are recognized as full citizens of Synedrion, participating in political and social life much like a human being would. Many of them are active in research, which they find stimulating, but others work as artists, entertainers, or even (in one case) psychologists.

One of Barnabas' descendants has volunteered for field work. We can now manufacture the Proteus Matrix, a Helios module that forecasts concealment and threat vectors for the squad's opening moves. The work on Synedrion's engines also bears fruit, and our Helios craft gain speed.","虽然在早期的平衡议会时期，人工智能的研究曾经是个颇具争议的话题，但科学自由将不可避免地创造出具有人造感知的生命形式。

由马尔科·马特拉尼博士及其团队研发的人工智能“巴尔纳巴斯”创造出了许多自己的复制体，而这些复制体又进一步衍生出了许多后代。平衡议会承认这些实体的全部市民权利，它们可以像人类一样参与政治和社会生活。许多人工智能在研究工作中十分活跃，它们对此亦是乐此不疲，不过也有一些人工智能成为了艺术家、演艺人员甚至是心理医生（只有一例）。

One of Barnabas' descendants has volunteered for field work. We can now manufacture the Proteus Matrix, a Helios module that forecasts concealment and threat vectors for the squad's opening moves. The work on Synedrion's engines also bears fruit, and our Helios craft gain speed.","La recherche sur l'intelligence artificielle était un sujet controversé au commencement du Synédrion, mais la liberté scientifique a fait que des formes de vie artificielles sentientes ont inévitablement fini par voir le jour.

L'IA développée par le Dr Marco Matterani et son équipe, connue sous le nom de Barnabas, a généré plusieurs copies d'elle-même, qui ont à leur tour créé de nouvelles répliques. Toutes ces entités sont considérées comme des citoyennes du Synédrion à part entière, et s'impliquent dans la vie politique et sociale tout autant qu'un être humain. Beaucoup d'entre elles participent activement à la recherche, qu'elles trouvent stimulante, mais d'autres travaillent en tant qu'artistes, comédiennes, et même (dans un des cas) psychologues.

One of Barnabas' descendants has volunteered for field work. We can now manufacture the Proteus Matrix, a Helios module that forecasts concealment and threat vectors for the squad's opening moves. The work on Synedrion's engines also bears fruit, and our Helios craft gain speed.","In der Anfangszeit Synedrions war die Erforschung künstlicher Intelligenz ein kontrovers diskutiertes Thema, aber wissenschaftliche Freiheit bedeutete unweigerlich, dass schließlich doch künstliche empfindungsfähige Lebensformen entwickelt wurden.

Die von Dr. Marco Matterani und seinem Team entwickelte KI, bekannt als „Barnabas“, stellte mehrere Kopien und Versionen von sich selbst her, und diese wiederum weitere Abkömmlinge. All diese Wesen werden als vollwertige Bürger Synedrions anerkannt und nehmen, wie ein Mensch es tun würde, am politischen und gesellschaftlichen Leben teil. Viele von ihnen sind in der Forschung aktiv, die sie als anregend empfinden, andere arbeiten als Künstler, Entertainer oder (in einem Fall) sogar als Psychologen.

One of Barnabas' descendants has volunteered for field work. We can now manufacture the Proteus Matrix, a Helios module that forecasts concealment and threat vectors for the squad's opening moves. The work on Synedrion's engines also bears fruit, and our Helios craft gain speed.","Agli inizi di Synedrion, la ricerca sull'intelligenza artificiale era un tema controverso, ma la libertà di cui godeva la scienza avrebbe inevitabilmente portato allo sviluppo di forme di vita artificiali e senzienti. 

L'IA nota come Barnaba, progettata dal Dr. Marco Matterani e dal suo team, ha prodotto svariate copie e versioni di sé che si sono riprodotte a loro volta. Tutte quante sono riconosciute come veri e propri cittadini di Synedrion e partecipano alla vita politica e sociale di Synedrion in modo molto simile a come farebbe un umano. Molte di loro lavorano nel campo della ricerca, ambito che ritengono stimolante. Altre sono artiste, intrattenitrici e una, addirittura, psicologa.

One of Barnabas' descendants has volunteered for field work. We can now manufacture the Proteus Matrix, a Helios module that forecasts concealment and threat vectors for the squad's opening moves. The work on Synedrion's engines also bears fruit, and our Helios craft gain speed.","Badania nad sztuczną inteligencją były kontrowersyjnym tematem na początku istnienia Synedrionu, ale swoboda naukowa oznaczała, że w końcu stało się to, co było nieuniknione: stworzono sztuczne, świadome formy życia.

Opracowana przez dr. Marca Matteraniego i jego zespół SI zwana Barnabą wyprodukowała wiele kopii i wersji samej siebie, które utworzyły kolejne kopie. Wszystkie te istoty zostały uznane za pełnoprawnych obywateli Synedrionu, uczestniczących w życiu politycznym i społecznym tak samo jak ludzie. Wiele z nich aktywnie uczestniczy w badaniach naukowych, które uważają za stymulujące, podczas gdy inne tworzą dzieła sztuki, pracują jako artyści estradowi, a nawet (w jednym przypadku) psycholodzy.

One of Barnabas' descendants has volunteered for field work. We can now manufacture the Proteus Matrix, a Helios module that forecasts concealment and threat vectors for the squad's opening moves. The work on Synedrion's engines also bears fruit, and our Helios craft gain speed.","Исследования в области искусственного интеллекта были предметом спора в ранние дни Синедриона, но независимая наука в конечном итоге создала искусственные разумные формы жизни. 

Искусственный интеллект, разработанный д-ром Марко Маттерани и его группой, известный как Барнабас, выпустил несколько копий и версий самого себя, а они, в свою очередь, дали последующее потомство. Все эти существа признаны полноправными гражданами Синедриона, участвующими в политической и общественной жизни, как и люди. Многие из них активно участвуют в исследованиях, вдохновляющими для них, а другие работают художниками, артистами или даже (в одном случае) психологами.

One of Barnabas' descendants has volunteered for field work. We can now manufacture the Proteus Matrix, a Helios module that forecasts concealment and threat vectors for the squad's opening moves. The work on Synedrion's engines also bears fruit, and our Helios craft gain speed.","Las investigaciones sobre inteligencia artificial fueron un asunto controvertido durante la primera etapa de Synedrion, pero la libertad científica conllevaba inevitablemente el desarrollo de formas de vida artificiales con conciencia. 

La IA desarrollada por el doctor Marco Matterani y su equipo, conocida como Barnabas, ha creado varias copias y versiones de sí misma; a su vez, esas copias se han seguido reproduciendo. Todas estas entidades tienen la categoría de ciudadanos de Synedrion de pleno derecho. Participan en la vida política y social como cualquier humano. Muchas de ellas se dedican a la investigación, ya que es algo que consideran estimulante; sin embargo, las hay que trabajan como artistas, en el mundo del ocio, e incluso, hay un caso de una IA psicóloga.

One of Barnabas' descendants has volunteered for field work. We can now manufacture the Proteus Matrix, a Helios module that forecasts concealment and threat vectors for the squad's opening moves. The work on Synedrion's engines also bears fruit, and our Helios craft gain speed.",
TFTV_MUTATIONTECH_RESEARCHDEF_COMPLETE_AIRCRAFT_REWORK,Text,,"<i>""Those that partake of the Waters of Life say that, as their dreams become more vivid, their waking life becomes more dreamlike, till they know not when they are asleep and when they are awake. And always they feel most capable of incredible feats of arms and of vanquishing their enemies. I'm exhilarated by their confidence, yet I also fear their brutality.""</i>

- Neophyte Ryodik, Disciples of Anu 

This technology represents a first step towards mastering the mutation mechanics of the Pandoravirus. Test subjects have been injected with modified strains of the infection under carefully-controlled conditions, and with the additional of a chemical cocktail intended to keep the virus from asserting control over the subject. 

The process is still experimental and there may be some side effects, but the potential benefits to our soldiers are worth the risk.

A Tiamat can be fitted out for the same work. Two modules are now available for manufacture: the Sanctum of the Veil, which prepares the Anointed for symbiosis with the Mist, and the Conservatory of Transmutation, which heals mutated operatives, Mutoids and Mutogs in flight and restores their Stamina.",,"<i>""Ceux qui prennent part aux Eaux de la Vie disent que, à mesure que leurs rêves deviennent plus vifs, leur vie éveillée devient plus onirique, jusqu'à ce qu'ils ne sachent plus quand ils dorment et quand ils sont éveillés. Et ils se sentent capables d'incroyables faits d'armes et de vaincre leurs ennemis. Je suis exalté par leur confiance, mais je crains aussi leur brutalité.""</i>

- Neophyte Ryodik, Disciples of Anu

Cette technologie représente un premier pas vers la maîtrise des mécanismes de mutation du pandoravirus. Des sujets d'essai ont été injectés avec des souches modifiées de l'infection dans des conditions soigneusement contrôlées, et avec l'ajout d'un cocktail chimique destiné à empêcher le virus de prendre le contrôle du sujet.

Le processus est encore expérimental et il peut y avoir des effets secondaires, mais les avantages potentiels pour nos agents en valent la peine.

A Tiamat can be fitted out for the same work. Two modules are now available for manufacture: the Sanctum of the Veil, which prepares the Anointed for symbiosis with the Mist, and the Conservatory of Transmutation, which heals mutated operatives, Mutoids and Mutogs in flight and restores their Stamina.","<i>„Diejenigen, die vom Wasser des Lebens trinken, berichten, dass ihre Träume immer lebhafter werden und ihr Wachleben immer traumhafter, bis sie nicht mehr zwischen Schlaf und Wachen unterscheiden können. Stets fühlen sie sich zu unglaublichen Waffentaten und zur Vernichtung ihrer Feinde fähig. Ihr Selbstvertrauen beflügelt mich, doch ihre Brutalität fürchte ich zugleich.“</i>

– Neophyt Ryodik, Die Jünger des Anu

Diese Technologie stellt einen ersten Schritt zur Beherrschung der Mutationsmechanismen des Pandoravirus dar. Testpersonen wurden unter streng kontrollierten Bedingungen mit modifizierten Virusstämmen infiziert, zusätzlich wurde ihnen ein chemischer Cocktail verabreicht, der verhindern soll, dass das Virus die Kontrolle über den Organismus erlangt.

Das Verfahren ist noch experimentell und es können Nebenwirkungen auftreten, doch der potenzielle Nutzen für unsere Soldaten ist das Risiko wert.

A Tiamat can be fitted out for the same work. Two modules are now available for manufacture: the Sanctum of the Veil, which prepares the Anointed for symbiosis with the Mist, and the Conservatory of Transmutation, which heals mutated operatives, Mutoids and Mutogs in flight and restores their Stamina.",,"<i>""Ci, którzy spożywają Wody Życia, mówią, że gdy ich sny stają się wyraźniejsze, jawne życie zaczyna przypominać sen, aż nie wiedzą już, kiedy śpią, a kiedy są obudzeni. I zawsze czują się zdolni do niewiarygodnych czynów bojowych i pokonania swoich wrogów. Cieszy mnie ich pewność siebie, lecz zarazem lękam się ich brutalności.""</i>

- Neofita Ryodik, Uczniowie Anu

Technologia ta stanowi pierwszy krok ku opanowaniu mechaniki mutacji Pandorawirusa. Badanym wstrzykiwano zmodyfikowane szczepy infekcji w starannie kontrolowanych warunkach, wraz z dodatkowym koktajlem chemicznym mającym powstrzymać wirusa przed przejęciem kontroli nad organizmem.

Proces nadal ma charakter eksperymentalny i może powodować skutki uboczne, ale potencjalne korzyści dla naszych żołnierzy są warte ryzyka.

A Tiamat can be fitted out for the same work. Two modules are now available for manufacture: the Sanctum of the Veil, which prepares the Anointed for symbiosis with the Mist, and the Conservatory of Transmutation, which heals mutated operatives, Mutoids and Mutogs in flight and restores their Stamina.","<i>""Те, кто пьет Живую Воду, говорят, что сначала их сны становятся нереально яркими, а реальность становится все более похожей на сон, а потом наступает момент, когда уже не различить, где сон, где явь. Но они всегда чувствуют себя способными на великие подвиги и жаждут победы над своими врагами. Меня восхищает их уверенность, и в тоже время страшит их жестокость..""</i>  - Неофит Риодик, Последователи Ану. 

Эта технология представляет собой первый шаг к овладению механикой мутаций Пандоравируса. В тщательно контролируемых условиях испытуемым вводились модифицированные штаммы инфекции с добавлением химического коктейля, призванного удержать вирус от захвата организма испытуемого. Процесс все еще является экспериментальным, и возможны некоторые побочные эффекты, но потенциальная польза для наших бойцов стоит риска.

A Tiamat can be fitted out for the same work. Two modules are now available for manufacture: the Sanctum of the Veil, which prepares the Anointed for symbiosis with the Mist, and the Conservatory of Transmutation, which heals mutated operatives, Mutoids and Mutogs in flight and restores their Stamina.","<i>""Quienes beben de las Aguas de la Vida dicen que, a medida que sus sueños se vuelven más vívidos, su vida de vigilia se vuelve más onírica, hasta el punto de que no saben cuándo están dormidos ni cuándo despiertos. Y siempre se sienten más capaces de increíbles hazañas de armas y de vencer a sus enemigos. Me entusiasma su confianza, pero también temo su brutalidad..""</i>

- Neófito Ryodik, Discípulos de Anu 

Esta tecnología representa el primer paso hacia la dominación de las mecánicas de la mutación del Pandoravirus. Los sujetos de prueba han sido inyectados con cepas modificadas de la infección bajo condiciones muy controladas, y con una mezcla de químicos adicional para que el virus no tome control sobre el huésped.

El proceso aún es experimental y puede tener algunos efectos secundarios, pero los beneficios potenciales para nuestros soldados valen el riesgo.

A Tiamat can be fitted out for the same work. Two modules are now available for manufacture: the Sanctum of the Veil, which prepares the Anointed for symbiosis with the Mist, and the Conservatory of Transmutation, which heals mutated operatives, Mutoids and Mutogs in flight and restores their Stamina.",
TFTV_MUTATIONTECH_RESEARCHDEF_COMPLETE_W_HARVESTING_AIRCRAFT_REWORK,Text,,"<i>“Those that partake of the Waters of Life say that, as their dreams become more vivid, their waking life becomes more dreamlike, until they know not when they are asleep and when they are awake. And always they feel more capable of incredible feats of arms, and of vanquishing their enemies. I’m exhilarated by their confidence, yet I also fear their brutality.”</i>

- Neophyte Ryodik, Disciples of Anu 

<i>""Now I understand why they were keeping those worms around...""</i> 

- Alistair Ashby

The Disciples of Anu use genetic material derived from Pandorans in their rituals to “evolve closer to the Exalted”; in essence, a process of controlled mutation. We have learned both how to extract mutagens from Pandorans and to replicate some of their mutation techniques, naturally without all the superfluous elements of liturgy. We can synthesize a limited amount of mutagens in each of our mutation labs, but to scale the production we need live Pandoran subjects in captivity.

A Tiamat can be fitted out for the same work. Two modules are now available for manufacture: the Sanctum of the Veil, which prepares the Anointed for symbiosis with the Mist, and the Conservatory of Transmutation, which heals mutated operatives, Mutoids and Mutogs in flight and restores their Stamina.",,"<i> « Ceux qui s’abreuvent aux Eaux de Vie disent que, à mesure que leurs rêves deviennent plus vifs, leur vie éveillée devient plus onirique, jusqu’à ce qu’ils ne sachent plus quand ils dorment et quand ils sont éveillés. Et ils se sentent toujours plus capables d’exploits militaires incroyables et de vaincre leurs ennemis. Je suis enthousiasmé par leur confiance, mais je crains aussi leur brutalité. »</i>

- Néophyte Ryodik, Disciples d’Anu

<i>« Maintenant, je comprends pourquoi ils gardaient ces vers... »</i>

- Alistair Ashby

Les Disciples d’Anu utilisent du matériel génétique dérivé des Pandoriens dans leurs rituels pour « évoluer vers les Exaltés » ; en essence, un processus de mutation contrôlée. Nous avons appris à la fois comment extraire les mutagènes des Pandoriens et à reproduire certaines de leurs techniques de mutation, naturellement sans tous les éléments superflus de la liturgie. Nous pouvons synthétiser une quantité limitée de mutagènes dans chacun de nos laboratoires de mutation, mais pour augmenter la production, nous avons besoin de sujets Pandoriens vivants en captivité.

A Tiamat can be fitted out for the same work. Two modules are now available for manufacture: the Sanctum of the Veil, which prepares the Anointed for symbiosis with the Mist, and the Conservatory of Transmutation, which heals mutated operatives, Mutoids and Mutogs in flight and restores their Stamina.","<i>„Diejenigen, die vom Wasser des Lebens trinken, berichten, dass ihre Träume immer lebhafter werden und ihr Wachleben immer traumhafter, bis sie nicht mehr zwischen Schlaf und Wachen unterscheiden können. Ständig fühlen sie sich zu unglaublichen Waffentaten und zur Vernichtung ihrer Feinde fähig. Ihr Selbstvertrauen beflügelt mich, doch ihre Brutalität fürchte ich zugleich.“</i>

– Neophyt Ryodik, Jünger des Anu

„Jetzt verstehe ich, warum sie diese Würmer behalten haben...“

– Alistair Ashby

Die Jünger des Anu verwenden in ihren Ritualen genetisches Material von Pandoranern, um sich „den Erhabenen anzunähern“. Im Wesentlichen ein Prozess kontrollierter Mutation. Wir haben gelernt, Mutagene aus Pandoranern zu gewinnen und einige ihrer Mutationstechniken nachzuahmen, natürlich ohne die überflüssigen Elemente der Liturgie. In jedem unserer Mutationslabore können wir eine begrenzte Menge an Mutagenen synthetisieren, aber um die Produktion auszuweiten, benötigen wir lebende Pandoraner in Gefangenschaft.

A Tiamat can be fitted out for the same work. Two modules are now available for manufacture: the Sanctum of the Veil, which prepares the Anointed for symbiosis with the Mist, and the Conservatory of Transmutation, which heals mutated operatives, Mutoids and Mutogs in flight and restores their Stamina.",,"<i>""Ci, którzy spożywają Wody Życia, mówią, że gdy ich sny stają się wyraźniejsze, jawne życie zaczyna przypominać sen, aż nie wiedzą już, kiedy śpią, a kiedy są obudzeni. I zawsze czują się bardziej zdolni do niezwykłych czynów bojowych i pokonywania swoich wrogów. Cieszy mnie ich pewność siebie, lecz zarazem lękam się ich brutalności.""</i>

- Neofita Ryodik, Uczniowie Anu

<i>""Teraz rozumiem, czemu trzymali te robaki przy życiu...""</i>

- Alistair Ashby

Uczniowie Anu wykorzystują materiał genetyczny pochodzący od Pandoran w swoich rytuałach, by „ewoluować bliżej Wywyższonej”; w istocie jest to proces kontrolowanej mutacji. Nauczyliśmy się zarówno wydobywać mutageny z Pandoran, jak i odtwarzać część ich technik mutacyjnych, naturalnie bez wszystkich zbędnych elementów liturgii. Możemy syntetyzować ograniczoną ilość mutagenów w każdym laboratorium mutacji, lecz aby zwiększyć skalę produkcji, potrzebujemy żywych okazów Pandora w niewoli.

A Tiamat can be fitted out for the same work. Two modules are now available for manufacture: the Sanctum of the Veil, which prepares the Anointed for symbiosis with the Mist, and the Conservatory of Transmutation, which heals mutated operatives, Mutoids and Mutogs in flight and restores their Stamina.","<i>""Те, кто пьет Живую Воду, говорят, что сначала их сны становятся нереально яркими, а реальность становится все более похожей на сон, а потом наступает момент, когда уже не различить, где сон, где явь. Но они всегда чувствуют себя способными на великие подвиги и жаждут побед над своими врагами. Меня восхищает их уверенность, и в тоже время страшит их жестокость..""</i>  - Неофит Риодик, Последователи Ану.

<i>""Теперь я понимаю, почему они держали этих червей рядом...""</i> - Алистер Эшби.  

Последователи Ану используют генетический материал, полученный от Пандоранов, в своих ритуалах, чтобы «становиться ближе к Возвышенной». По сути, это процесс контролируемой мутации. Мы научились извлекать мутагены из Пандоранов и воспроизводить некоторые из их типов мутаций, естественно, выкинув все лишнее. Мы можем синтезировать ограниченное количество мутагенов в каждой из наших мутационных лабораторий, но для расширения производства нам нужны живые Пандораны в клетках.

A Tiamat can be fitted out for the same work. Two modules are now available for manufacture: the Sanctum of the Veil, which prepares the Anointed for symbiosis with the Mist, and the Conservatory of Transmutation, which heals mutated operatives, Mutoids and Mutogs in flight and restores their Stamina.","<i>“Quienes beben de las Aguas de la Vida dicen que, a medida que sus sueños se vuelven más vívidos, su vida de vigilia se vuelve más onírica, hasta el punto de que no saben cuándo están dormidos ni cuándo despiertos. Y cada vez se sienten más capaces de increíbles hazañas de armas y de vencer a sus enemigos. Me entusiasma su confianza, pero también temo su brutalidad.”</i>

- Neophyte Ryodik, Discípulos de Anu 

<i>""Ahora entiendo porqué permitían merodear por ahí a esos gusanos...""</i> 

- Alistair Ashby

Los Discípulos de Anu usan un material genético derivado de los Pandoras en sus rituales para “evolucionar más allá hacia los Exaltados”; en esencia, un proceso de mutación controlada. Hemos aprendido tanto como extraer mutágenos y a como replicar algunas de sus técnicas de mutación, naturalmente sin los elementos litúrgicos superfluos. Hemos sintetizado una cantidad limitada de mutágenos en cada uno de nuestros laboratorios de mutaciones, pero para hacer una producción a escala necesitamos sujetos Pandora en cautividad.

A Tiamat can be fitted out for the same work. Two modules are now available for manufacture: the Sanctum of the Veil, which prepares the Anointed for symbiosis with the Mist, and the Conservatory of Transmutation, which heals mutated operatives, Mutoids and Mutogs in flight and restores their Stamina.",
PX_CAPTURETECH_RESEARCHDEF_COMPLETE_TFTV_AIRCRAFT_REWORK,Text,,"Specialized Pandoran Containment facilities have been designed and successfully tested, allowing us to safely keep Pandorans in a state of constant paralysis.

In addition, we have equipped all our aircraft with the Skyhook Retrieval and Transportation System (SRTS), which allows us to retrieve fully paralyzed Pandorans from the battlefield after a successful mission.

The SRTS uses micro drones to attach tethers to the immobilized Pandoran organism. The volume of transportable matter is fixed by the airframe that carried the squad: 5 for a Helios, 6 for a Manticore, 7 for a Thunderbird, 8 for a Tiamat. For reference, an Arthron or a Triton takes up 2.

We have also fitted the Manticore's hold with the Barracuda Berths, adding two passenger seats at the cost of some speed.

This represents a step forward in our struggle to understand their biology.",,,,,,,,
SYN_AIRCRAFT_RESEARCHDEF_UNLOCK_AIRCRAFT_REWORK,Text,,"Synedrion aircraft are powered by fusion cell technology and carry a squad of 5. They are optimized for speed over carrying capacity, and they take Synedrion modules as well as the common ones.",,,,,,,,
SYN_MOONMISSION_RESEARCHDEF_BENEFITS_AIRCRAFT_REWORK,Text,,Helios aircraft gain 2 passenger seats and additional speed.,,,,,,,,
NJ_TRAINING_RESEARCHDEF_BENEFITS_AIRCRAFT_REWORK,Text,,Personnel train 25% faster at the Training Facility.,,,,,,,,
PX_PROTOCIVILISATION1_RESEARCHDEF_BENEFITS_AIRCRAFT_REWORK,Text,,"Operatives gain an additional 10% experience from missions, and Personnel train 25% faster at the Training Facility.",,,,,,,,
PX_MOUNTAINSOFMADNESS_RESEARCHDEF_BENEFITS_AIRCRAFT_REWORK,Text,,Operatives gain an additional 10% experience from missions.,,,,,,,,
SYN_SENTIENTAITECH_RESEARCHDEF_BENEFITS_AIRCRAFT_REWORK,Text,,"Research Lab output is increased by 50%, but only for slots with no Personnel assigned to them: Personnel working a slot replace the upgrade rather than add to it. Proteus Matrix becomes available for manufacture, and Helios aircraft gain additional speed.",,,,,,,,
NJ_AUTOMATEDFACTORIES_RESEARCHDEF_BENEFITS_AIRCRAFT_REWORK,Text,,"Manufacturing Plant output is increased by 50%, but only for slots with no Personnel assigned to them: Personnel working a slot replace the upgrade rather than add to it. Daedalus Overdrive Suite raised to the next tier.",,,,,,,,
NJ_CENTRALIZEDAI_RESEARCHDEF_BENEFITS_AIRCRAFT_REWORK,Text,,All base facilities output is increased by 50%. On Research Labs and Manufacturing Plants this applies only to slots with no Personnel assigned to them: Personnel working a slot replace the upgrade rather than add to it. Daedalus Overdrive Suite raised to its final tier.,,,,,,,,
ANU_ACIDTECH_RESEARCHDEF_COMPLETE_AIRCRAFT_REWORK,Text,,"This technology integrates the corrosive fluid produced by Acidworms into grenades and small caliber rounds. Although the process is entirely safe, a certain degree of caution in their use is nevertheless advised.

The Bioflux Assimilator digests the new reagents too: our Tiamats gain a further 150 speed in the Mist and lose OPS HOURS more slowly still.","该科技将酸蚀蠕虫产生的腐蚀性液体集成到手雷和小口径子弹中。虽然整个过程十分安全，但还是建议在使用时保持谨慎。

The Bioflux Assimilator digests the new reagents too: our Tiamats gain a further 150 speed in the Mist and lose OPS HOURS more slowly still.","Cette technologie intègre le fluide corrosif produit par les Vers acides dans des grenades et des munitions de petit calibre. Bien que le procédé soit parfaitement sûr, une certaine prudence est recommandée lors de leur utilisation.

The Bioflux Assimilator digests the new reagents too: our Tiamats gain a further 150 speed in the Mist and lose OPS HOURS more slowly still.","Diese Technologie verwendet die korrosive Flüssigkeit, die von Säurewürmern produziert wird, in Granaten und Kleinkalibermunition. Obwohl das Verfahren sicher ist, raten wir beim Einsatz zu Vorsicht.

The Bioflux Assimilator digests the new reagents too: our Tiamats gain a further 150 speed in the Mist and lose OPS HOURS more slowly still.","Questa tecnologia integra nelle granate e nelle munizioni di piccolo calibro il fluido corrosivo prodotto dai vermi acidi. Il processo è assolutamente sicuro, ma si raccomanda comunque la giusta dose di cautela durante l'uso.

The Bioflux Assimilator digests the new reagents too: our Tiamats gain a further 150 speed in the Mist and lose OPS HOURS more slowly still.","Ta technologia została opracowana po to, aby wykorzystać żrący płyn produkowany przez Kwasoglizdy do produkcji granatów i pocisków mniejszego kalibru. Chociaż sam proces jest całkowicie bezpieczny, podczas ich użytkowania i tak zaleca się zachowanie odpowiedniej ostrożności.

The Bioflux Assimilator digests the new reagents too: our Tiamats gain a further 150 speed in the Mist and lose OPS HOURS more slowly still.","Эта технология преобразовывает едкую жидкость, которую выделяют кислотные черви, в гранаты и патроны малого калибра. Хотя процесс полностью безопасен, настоятельно рекомендуется соблюдать определенную осторожность при обращении с таким оружием.

The Bioflux Assimilator digests the new reagents too: our Tiamats gain a further 150 speed in the Mist and lose OPS HOURS more slowly still.","Esta tecnología añade el fluido corrosivo que producen los Gusanos ácidos a las granadas y los cartuchos de calibre pequeño. Aunque el proceso de integración sea completamente seguro, siempre se aconseja precaución en a la hora de manipularla.

The Bioflux Assimilator digests the new reagents too: our Tiamats gain a further 150 speed in the Mist and lose OPS HOURS more slowly still.",
ANU_MUTATIONTECH2_RESEARCHDEF_COMPLETE_AIRCRAFT_REWORK,Text,,"Multiple new mutations have been developed, allowing humans to become faster, more agile, and have the power to stun enemies in battle. These new procedures are now available at the mutation laboratory.

The Sanctum of the Veil deepens the communion: mutated operatives aboard now regain Willpower in the Mist and see through it better.","研发多种新型变异，使人类的动作更加迅速、敏捷，并且能够在战斗中击晕敌人。这些新规程现在可以在变异实验室中使用。

The Sanctum of the Veil deepens the communion: mutated operatives aboard now regain Willpower in the Mist and see through it better.","De nouvelles mutations ont été développées, permettant aux humains d'être plus rapides, plus agiles et de pouvoir étourdir les ennemis au combat. Ces nouvelles procédures sont disponibles au labo de mutation.

The Sanctum of the Veil deepens the communion: mutated operatives aboard now regain Willpower in the Mist and see through it better.","Es wurden mehrere neue Mutationen entwickelt, die es den Menschen ermöglichen, schneller und agiler zu werden und ihre Feinde im Kampf zu betäuben. Diese neuen Verfahren sind nun im Mutationslabor verfügbar.

The Sanctum of the Veil deepens the communion: mutated operatives aboard now regain Willpower in the Mist and see through it better.","Sono state sviluppate svariate nuove mutazioni che permettono agli umani di diventare più veloci e agili, e di stordire i nemici in battaglia. Queste nuove procedure sono ora disponibili nel Laboratorio mutazioni.

The Sanctum of the Veil deepens the communion: mutated operatives aboard now regain Willpower in the Mist and see through it better.","Opracowano wiele nowych mutacji, dzięki którym ludzie stają się szybsi, zwinniejsi i potrafią ogłuszyć przeciwnika w trakcie walki. Te nowe procedury są od teraz dostępne w laboratorium mutacji.

The Sanctum of the Veil deepens the communion: mutated operatives aboard now regain Willpower in the Mist and see through it better.","Было выведено несколько новых видов мутаций, которые позволили людям стать быстрее, проворнее, а также у них появилась способность оглушать врагов в бою. Эти новые процедуры теперь доступны в лаборатории мутаций.

The Sanctum of the Veil deepens the communion: mutated operatives aboard now regain Willpower in the Mist and see through it better.","Se han desarrollado nuevas mutaciones que permiten que los humanos sean más rápidos, ágiles y posean la potencia para aturdir a los enemigos en combate. Estos nuevos procedimientos están disponibles en el laboratorio de mutación.

The Sanctum of the Veil deepens the communion: mutated operatives aboard now regain Willpower in the Mist and see through it better.",
ANU_MUTATIONTECH3_RESEARCHDEF_COMPLETE_AIRCRAFT_REWORK,Text,,"Thanks to a breakthrough in genetic science, it is now possible to create biological weapons infused into an individual's physiology. Test subjects have demonstrated an ability to transform their own flesh into weapons and defenses, reducing the need for armor and ammunition. These new procedures are now available at the mutation laboratory.

The Sanctum of the Veil reaches its final form. Mutated operatives aboard see through the Mist as the Pandorans do.","基因科学取得突破使得制造人体注入式生物武器成为可能。测试对象表现出将自身肉体转化为武器和防御的能力，从而减少了对护甲和弹药的需求。这些新规程现在可以在变异实验室中使用。

The Sanctum of the Veil reaches its final form. Mutated operatives aboard see through the Mist as the Pandorans do.","Grâce à une percée sur le plan de la génétique, la création d'armes biologiques dans le corps d'un individu donné est désormais possible. Les sujets de test ont montré une grande capacité à changer leur propre chair en armes et protections, réduisant leurs besoins en défenses et en munitions. Ces nouvelles procédures sont désormais disponibles au laboratoire de mutation.

The Sanctum of the Veil reaches its final form. Mutated operatives aboard see through the Mist as the Pandorans do.","Dank eines Durchbruchs in der Genwissenschaft ist es nun möglich, biologische Waffen zu schaffen, die fest in die Physiologie eines Individuums integriert sind. Testobjekte waren in der Lage, ihr eigenes Fleisch in Waffen und Verteidigungseinheiten umzuwandeln, wodurch der Bedarf an Rüstung und Munition verringert wurde. Diese neuen Verfahren sind nun im Mutationslabor verfügbar.

The Sanctum of the Veil reaches its final form. Mutated operatives aboard see through the Mist as the Pandorans do.","Grazie a una inaspettata scoperta in campo genetico, è ora possibile creare armi biologiche infondendole nella fisiologia di un individuo. I soggetti dei test hanno dimostrato l'abilità di trasformare la propria carne in armi e protezioni, riducendo il fabbisogno di armature e munizioni. Queste nuove procedure sono ora disponibili nel Laboratorio mutazioni.

The Sanctum of the Veil reaches its final form. Mutated operatives aboard see through the Mist as the Pandorans do.","Dzięki przełomowi w badaniach genetycznych możemy teraz tworzyć broń biologiczną będącą częścią fizjologii danego człowieka. U ludzi uczestniczących w badaniu rozpoznano umiejętność przekształcenia ciała w broń lub układy obronne, dzięki czemu ograniczono zapotrzebowanie na pancerze i amunicję. Te nowe procedury są od teraz dostępne w laboratorium mutacji.

The Sanctum of the Veil reaches its final form. Mutated operatives aboard see through the Mist as the Pandorans do.","Благодаря прорыву в области генетики теперь можно создавать биологическое оружие, внедренное в физиологические процессы человека. Испытуемые продемонстрировали способность превращать собственную плоть в оружие и средства защиты, тем самым снижая потребность в броне и боеприпасах. Эти новые процедуры теперь доступны в лаборатории мутаций.

The Sanctum of the Veil reaches its final form. Mutated operatives aboard see through the Mist as the Pandorans do.","Un logro en la ciencia genética ha hecho posible la creación de armas biológicas fusionadas a la fisiología del individuo. Los sujetos de pruebas han mostrado la habilidad de transformar partes de sus cuerpos en armas y defensas, lo que reduce la necesidad de armadura y munición. Estos procedimientos están disponibles en el laboratorio de mutación.

The Sanctum of the Veil reaches its final form. Mutated operatives aboard see through the Mist as the Pandorans do.",
ANU_STIMTECH_RESEARCHDEF_COMPLETE_AIRCRAFT_REWORK,Text,,"This stimulant pack, based on the mix of substances used during certain rituals by the Disciples of Anu, is capable of bringing a soldier into a state of frenzy, temporarily increasing their resolve

The Conservatory of Transmutation heals and restores Stamina faster, and mutated operatives, Mutoids and Mutogs carried in one start their missions frenzied.","这个兴奋剂包基于安努门徒教会在某些仪式中使用的混合物质制作而成，能够使士兵进入狂热状态，在短时间内增强他们的决心

The Conservatory of Transmutation heals and restores Stamina faster, and mutated operatives, Mutoids and Mutogs carried in one start their missions frenzied.","Le pack stimulant, véritable mélange de substances utilisées par les Disciples d'Anu lors de certains rituels, est capable de plonger un soldat dans un état de frénésie, augmentant temporairement sa détermination.

The Conservatory of Transmutation heals and restores Stamina faster, and mutated operatives, Mutoids and Mutogs carried in one start their missions frenzied.","Dieses Stimpack besteht aus einer Mischung aus Substanzen, die von den Jüngern von Anu bei bestimmten Ritualen verwendet werden. Es kann einen Soldaten in den Zustand der Raserei versetzen, um vorübergehend seine Entschlossenheit zu erhöhen.

The Conservatory of Transmutation heals and restores Stamina faster, and mutated operatives, Mutoids and Mutogs carried in one start their missions frenzied.","Questo stimolante, composto da un mix di sostanze utilizzate durante alcuni rituali dei Discepoli di Anu, è in grado di indurre in un soldato uno stato di frenesia, aumentandone temporaneamente la risolutezza.

The Conservatory of Transmutation heals and restores Stamina faster, and mutated operatives, Mutoids and Mutogs carried in one start their missions frenzied.","Ten zestaw środków stymulujących opracowany na podstawie kombinacji substancji stosowanych podczas określonych rytuałów Akolitów Anu jest w stanie wprawić żołnierza w szał i tymczasowo zwiększyć jego pewność siebie.

The Conservatory of Transmutation heals and restores Stamina faster, and mutated operatives, Mutoids and Mutogs carried in one start their missions frenzied.","Этот стимулятор, основанный на смеси веществ, которые используются во время определенных ритуалов Последователей Ану, способен внушить солдату состояние исступления, временно подняв его решимость.

The Conservatory of Transmutation heals and restores Stamina faster, and mutated operatives, Mutoids and Mutogs carried in one start their missions frenzied.","Este paquete estimulante parte de una mezcla de sustancias que usan los Discípulos de Anu en algunos rituales. Puede inducir un estado de frenesí temporal en nuestros soldados, lo que aumenta la determinación.

The Conservatory of Transmutation heals and restores Stamina faster, and mutated operatives, Mutoids and Mutogs carried in one start their missions frenzied.",
NJ_EXPLOSIVETECH_RESEARCHDEF_COMPLETE_AIRCRAFT_REWORK,Text,,"A breakthrough in explosives technology has led to the development of a new rocket launcher design. Unlike conventional rockets, this weapon fires armor-piercing projectiles that deal massive damage to a single target. It is ideal for quickly crippling the biggest and toughest Pandoran creatures, as each rocket can inflict three times the normal damage to the limb it hits. The rockets are expensive to produce, but will be worth it if used strategically.

The Lightning Strike Precision Ordnance now walks a third explosion across the target area.","炸药技术的突破引领了一种新型火箭发射器设计的发展潮流。它的冲击力巨大，甚至可以打败体型更为庞大的潘多拉体。这种火箭造价昂贵，但如果部署得当，将会非常有效。

The Lightning Strike Precision Ordnance now walks a third explosion across the target area.","Une percée dans le domaine des technologies explosives a conduit au développement d’un nouveau lance‑roquettes. Contrairement aux roquettes conventionnelles, cette arme tire des projectiles perforants capables d’infliger des dégâts massifs à une cible unique. Elle est idéale pour neutraliser rapidement les créatures pandoriennes les plus grandes et les plus résistantes, chaque roquette pouvant infliger trois fois les dégâts normaux au membre touché. Les roquettes sont coûteuses à produire, mais leur utilisation stratégique en vaut largement la peine.

The Lightning Strike Precision Ordnance now walks a third explosion across the target area.","Ein Durchbruch in der Sprengstofftechnologie hat zur Entwicklung eines neuen Raketenwerfers geführt. Anders als herkömmliche Raketen verschießt diese Waffe panzerbrechende Geschosse, die einem einzelnen Ziel massiven Schaden zufügen. Sie eignet sich ideal, um die größten und widerstandsfähigsten Kreaturen Pandoras schnell zu schwächen, da jede Rakete dem getroffenen Körperteil den dreifachen normalen Schaden zufügt. Die Raketen sind zwar teuer in der Produktion, aber bei strategischem Einsatz lohnt sich die Investition.

The Lightning Strike Precision Ordnance now walks a third explosion across the target area.","Un'importante scoperta nella tecnologia degli esplosivi ha portato allo sviluppo di un nuovo modello di lanciarazzi. È dotato di enorme potenza di fuoco ed è in grado di abbattere anche le creature Pandora più imponenti. La produzione di questi razzi è costosa, ma sarà efficace se organizzata intelligentemente.

The Lightning Strike Precision Ordnance now walks a third explosion across the target area.","Przełom w technologii materiałów wybuchowych doprowadził do opracowania nowego typu wyrzutni rakiet. W przeciwieństwie do rakiet konwencjonalnych ta broń wystrzeliwuje przeciwpancerne pociski zadające ogromne obrażenia pojedynczemu celowi. Idealnie nadaje się do szybkiego okaleczania największych i najtwardszych stworzeń Pandora, ponieważ każda rakieta może zadać trafionej kończynie trzykrotność normalnych obrażeń. Produkcja rakiet jest kosztowna, ale przy strategicznym użyciu na pewno się opłaci.

The Lightning Strike Precision Ordnance now walks a third explosion across the target area.","Прорыв в технологии взрывчатых веществ привел к созданию новой конструкции ракетной установки. В отличие от обычных ракет, это оружие стреляет бронебойными снарядами, наносящими огромный урон одной цели. Оно идеально подходит для быстрого поражения самых крупных и выносливых Пандоранов, ведь каждая ракета может нанести конечности, в которую попала, в три раза больше обычного урона. Ракеты дороги в производстве, но при стратегическом использовании они себя оправдывают.

The Lightning Strike Precision Ordnance now walks a third explosion across the target area.","Un avance en la tecnología de explosivos ha llevado al desarrollo de un nuevo diseño de lanzacohetes. A diferencia de los cohetes convencionales, esta arma dispara proyectiles perforantes que infligen un daño masivo a un solo objetivo. Es ideal para incapacitar rápidamente a las criaturas pandoranas más grandes y resistentes, ya que cada cohete puede infligir tres veces el daño normal a la extremidad que impacta. Los cohetes son caros de producir, pero valen la pena si se usan estratégicamente.

The Lightning Strike Precision Ordnance now walks a third explosion across the target area.",
NJ_GUIDANCETECH_RESEARCHDEF_COMPLETE_AIRCRAFT_REWORK,Text,,"A new infantry missile launcher system has been developed, capable of hitting targets with pinpoint accuracy with devastating destructive power. The missiles are expensive to produce, but they could be decisive in critical missions. The AI guidance tech may prove useful in further weapons development.

The Lightning Strike Precision Ordnance now walks a second explosion across the target area.","一种新的步兵导弹发射系统已经研发完成，能够精确打击目标，具有毁灭性破坏力。这种导弹造价昂贵，但可以在关键任务中起决定性作用。人工智能制导技术可能会用于未来的武器研发。

The Lightning Strike Precision Ordnance now walks a second explosion across the target area.","Un nouveau système de lance-missiles d'infanterie a été développé, capable de toucher des cibles avec une précision redoutable et une incommensurable puissance de destruction. Les missiles sont chers à produire, mais ils pourrait être décisifs lors de missions critiques. La technologie de guidage assisté par IA pourrait être adaptée pour d'autres armes en cours développement.

The Lightning Strike Precision Ordnance now walks a second explosion across the target area.","Es wurde ein neues Infanterie-Raketenwerfersystem entwickelt, das in der Lage ist, Ziele mit absoluter Genauigkeit und verheerender Zerstörungskraft zu treffen. Die Produktion der Raketen ist teuer, aber sie könnten bei kritischen Missionen entscheidend sein. Die KI-Lenktechnologie kann sich bei der weiteren Entwicklung von Waffen als nützlich erweisen.

The Lightning Strike Precision Ordnance now walks a second explosion across the target area.","È stato sviluppato un nuovo sistema lanciamissili da fanteria, capace di colpire gli obiettivi con una precisione chirurgica e una potenza distruttiva inarrestabile. La produzione di tali missili è costosa, ma potrebbero rivelarsi decisivi nelle missioni più difficili. La tecnologia di pilotaggio dell'IA potrebbe rivelarsi utile nell'ulteriore sviluppo dell'arma.

The Lightning Strike Precision Ordnance now walks a second explosion across the target area.","Opracowano nowy system wyrzutni pocisków dla piechoty, za pomocą którego można trafić przeciwnika z niezwykle dużą dokładnością i zadać mu potężne obrażenia. Pociski są drogie w produkcji, ale ich użycie może mieć decydujące znaczenie w krytycznych misjach. Technologia naprowadzania przy użyciu sztucznej inteligencji może okazać się przydatna przy dalszym rozwijaniu broni.

The Lightning Strike Precision Ordnance now walks a second explosion across the target area.","Разработана новая пехотная система ракетной установки, которая способна поражать цели с предельной точностью и невероятной разрушающей силой. Производство снарядов обходится дорого, но их применение может стать решающим в критических ситуациях. Технология наведения ИИ может оказаться полезной для дальнейшей разработки оружия.

The Lightning Strike Precision Ordnance now walks a second explosion across the target area.","Se ha desarrollado un nuevo sistema de lanzamisiles de infantería con una precisión excelente y un poder destructivo. Los misiles tienen un coste de fabricación elevado, pero pueden marcar la diferencia en misiones críticas. La tecnología de orientación por IA podría sernos de utilidad para profundizar en el desarrollo de armas.

The Lightning Strike Precision Ordnance now walks a second explosion across the target area.",
NJ_PRCRTECHTURRET_RESEARCHDEF_COMPLETE_AIRCRAFT_REWORK,Text,,"This merging of technologies has proven a complete success. The new turrets have surpassed expectations, being potentially capable of bringing down even the larger Pandorans. The new PDW design combines high agility with extreme firepower for the first time.

The Daedalus Overdrive Suite takes the new servo designs, adding a further 1000 range and 50 speed and slowing the aircraft's loss of OPS HOURS.","事实证明，这种技术融合大获成功。新型炮台已经超越了人们的预期，甚至有可能打败体型更大的潘多拉体。新的单兵自卫武器设计首次将高度敏捷和极致火力相结合。

The Daedalus Overdrive Suite takes the new servo designs, adding a further 1000 range and 50 speed and slowing the aircraft's loss of OPS HOURS.","La fusion de plusieurs technologies s'est déroulée avec succès. Les nouvelles tourelles sont encore plus performantes qu'escompté, désormais capables d'abattre les Pandoriens les plus massifs. Les nouvelles armes de défense personnelle (PDW) combinent une grande agilité à une puissance de tir extrême pour la première fois.

The Daedalus Overdrive Suite takes the new servo designs, adding a further 1000 range and 50 speed and slowing the aircraft's loss of OPS HOURS.","Diese Verschmelzung von Technologien hat sich als voller Erfolg erwiesen. Die neuen Geschütze haben alle Erwartungen übertroffen und sind potenziell in der Lage, selbst die größeren Pandoraner zu Fall zu bringen. Das neue PDW-Design kombiniert zum ersten Mal hohe Agilität mit extremer Feuerkraft.

The Daedalus Overdrive Suite takes the new servo designs, adding a further 1000 range and 50 speed and slowing the aircraft's loss of OPS HOURS.","Questa fusione di tecnologie si è rivelata un successo totale. Le nuove torrette hanno superato le aspettative, dimostrandosi capaci di abbattere anche i Pandora più imponenti. Il nuovo modello di arma di difesa personale combina per la prima volta grande maneggevolezza e un'estrema potenza di fuoco.

The Daedalus Overdrive Suite takes the new servo designs, adding a further 1000 range and 50 speed and slowing the aircraft's loss of OPS HOURS.","Połączenie technologii okazało się wielkim sukcesem. Możliwości nowych wieżyczek przekroczyły nasze oczekiwania, a wystrzeliwane z nich pociski będą potencjalnie w stanie powalić nawet większych Pandoran. Nowa konstrukcja broni ochrony osobistej (PDW) po raz pierwszy łączy w sobie dużą sprawność z ekstremalną siłą ognia.

The Daedalus Overdrive Suite takes the new servo designs, adding a further 1000 range and 50 speed and slowing the aircraft's loss of OPS HOURS.","Слияние технологий принесло колоссальный успех. Новые турели превзошли все ожидания, так как они способны убить даже крупных пандоранов. Новая конструкция оружия самообороны сочетает в себе высокую маневренность и экстремальную огневую мощь.

The Daedalus Overdrive Suite takes the new servo designs, adding a further 1000 range and 50 speed and slowing the aircraft's loss of OPS HOURS.","La fusión de tecnologías ha sido todo un éxito. Las nuevas torretas han superado nuestras expectativas, ya que poseen una potencia capaz de derribar a los pandorianos más grandes. Los nuevos diseños PDW combinan por primera vez una agilidad importante con un disparo potente.

The Daedalus Overdrive Suite takes the new servo designs, adding a further 1000 range and 50 speed and slowing the aircraft's loss of OPS HOURS.",
PX_ALIEN_COLONY_RESEARCHDEF_COMPLETE_AIRCRAFT_REWORK,Text,,"Pandoran Colonies are underground tunnel-like structures made of Pandoravirus-produced biomass. Following the ecological transformation of the sea, they appear to be the next step towards the total conquest of the Earth's ecosystems.
Each colony produces its own specific mutations, which is why we see certain mutations predominant in different regions. The colonies seem to expand their area of operation over time, attacking any human settlements they find. Based on colony growth patterns, we suspect that there are multiple levels of development. The initial level has been classified as the Pandoran Nest.

The Argus Array now knows what to listen for, and reveals Hatching Sentinels inside a Nest at the start of a mission.","潘多拉殖民地是一种类似地下隧道的建筑，由潘多拉病毒产生的大量生物建造而成。随着海洋生态发生巨变，它们似乎是潘多拉病毒彻底征服地球生态系统的下一步手段。
每个殖民地都会生产其特有的变异现象，这就是我们在不同地区看到某些变异现象占主导地位的原因。随着时间的推移，殖民地似乎扩大了它们的活动范围，会攻击它们发现的任何人类定居点。根据殖民地的生长模式，我们推测它有多个发展层次。初始级被划分为潘多拉巢穴。

The Argus Array now knows what to listen for, and reveals Hatching Sentinels inside a Nest at the start of a mission.","Les colonies pandoriennes sont des structures semblables à des tunnels qui sont constituées de biomasse produite par le Pandoravirus. Après la transformation écologique de la mer, elles semblent être l'étape suivante vers la conquête totale des écosystèmes de la Terre.
Chaque colonie produit ses propres mutations spécifiques, ce qui explique pourquoi nous voyons certaines mutations prédominantes dans différentes régions. Les colonies semblent élargir leur zone d'activité avec le temps, attaquant toute colonie humaine qu'elles trouvent. En fonction des profils de croissance d'une colonie, nous suspectons qu'il existe plusieurs niveaux de développement. Le niveau de départ a été classé comme le Nid pandorien.

The Argus Array now knows what to listen for, and reveals Hatching Sentinels inside a Nest at the start of a mission.","Pandorakolonien sind unterirdische, tunnelartige Strukturen aus Biomasse, die aus dem Pandoravirus entstanden ist. Nach der ökologischen Transformation des Meeres scheinen sie der nächste Schritt zur totalen Eroberung der Ökosysteme der Erde zu sein.
Jede Kolonie produziert ihre eigenen spezifischen Mutationen, weshalb wir bestimmte Mutationen vermehrt in verschiedenen Regionen sehen. Die Kolonien scheinen ihr Einsatzgebiet im Laufe der Zeit zu erweitern und alle menschlichen Siedlungen anzugreifen, die sie finden. Basierend auf den Wachstumsmustern der Kolonien vermuten wir, dass es mehrere Entwicklungsstufen gibt. Die Anfangsstufe klassifizieren wir als das Pandoranest.

The Argus Array now knows what to listen for, and reveals Hatching Sentinels inside a Nest at the start of a mission.","Le colonie Pandora sono strutture sotterranee simili a tunnel composte di biomassa prodotta dal Pandoravirus. Vista la trasformazione dell'ambiente marino, queste strutture potrebbero essere il passo successivo verso la conquista totale degli ecosistemi terrestri.
Ogni colonia produce delle proprie mutazioni specifiche, motivo per cui in alcune regioni si osservano delle mutazioni predominanti. Sembra che le colonie allarghino la propria area operativa nel corso nel tempo, attaccando qualsiasi insediamento umano esse trovino. Sulla base degli schemi di crescita delle colonie, presumiamo che ci siano diversi livelli di sviluppo. Il livello iniziale è stato classificato come ""nido Pandora"".

The Argus Array now knows what to listen for, and reveals Hatching Sentinels inside a Nest at the start of a mission.","Pandorańskie kolonie to podziemne struktury przypominające tunele wykonane z biomasy wyprodukowanej przez Pandoran. Wygląda na to, że po ekologicznej transformacji morza są one kolejnym etapem w drodze do całkowitego podboju ekosystemów Ziemi.
W każdej kolonii produkowane są specyficzne mutacje, dlatego na różnych obszarach obserwujemy występowanie dominujących mutacji. Wydaje się, że kolonie rozszerzają swój obszar działania z czasem i atakują każdą osadę ludzką, na jaką natrafią. Biorąc pod uwagę wzorce wzrostu kolonii, podejrzewamy, że istnieje kilka poziomów ich rozwoju. Początkowy poziom sklasyfikowaliśmy jako pandorańskie gniazdo.

The Argus Array now knows what to listen for, and reveals Hatching Sentinels inside a Nest at the start of a mission.","Колонии пандоранов представляют из себя подземные туннелеобразные конструкции, созданные из биомассы, произведенной пандоравирусом. Вслед за экологическим преобразованием моря они, похоже, являются следующим шагом на пути к полному контролю над экосистемами Земли.
Каждая колония создает собственные мутации, что объясняет обнаруженное нами преобладание определенных мутаций в разных регионах. Судя по всему, колонии постепенно расширяют свою территорию, нападая на все людские поселения. Структура расширения колоний говорит нам о том, что в колониях может быть несколько уровней развития. Начальный уровень классифицируется как гнездо пандоранов.

The Argus Array now knows what to listen for, and reveals Hatching Sentinels inside a Nest at the start of a mission.","Las colonias pandorianas son estructuras subterráneas similares a los túneles que están hechas de la biomasa que produce el pandoravirus. Parecen ser el siguiente paso en el plan de conquistar los ecosistemas de la Tierra completamente, después de la transformación ecológica del océano. Como cada colonia posee sus propias mutaciones, observamos que en ciertas regiones algunas son más predominantes. Las colonias expanden la zona de operaciones con el tiempo y atacan a los asentamientos humanos que encuentren. Según podemos observar en los patrones de crecimiento de las colonias, creemos que existen varios niveles de desarrollo. El primero de estos ha recibido el nombre de nido pandoriano.

The Argus Array now knows what to listen for, and reveals Hatching Sentinels inside a Nest at the start of a mission.",
PX_ALIEN_LAIR_RESEARCHDEF_COMPLETE_AIRCRAFT_REWORK,Text,,"Lairs represent larger and more complex Pandoran colonies. Based on our observations, when several Pandoran Nests come in contact with each other, a dominant Nest assumes control of the others, entering its second level of development. While Nests are only able to spawn lesser mutated creatures, Lairs produce specialised types known as Sirens and Chirons, as well as all Pandoran subtypes that the Nests within were previously creating.
It is speculated that Lairs are capable of merging, leading to an even larger and more dangerous structure.

The Argus Array now knows what to listen for, and reveals the Spawnery inside a Lair at the start of a mission.","大巢穴代表了更大更复杂的潘多拉殖民地。根据我们的观察，当几个潘多拉巢穴互相接触时，一个统制性巢穴就会控制其他巢穴，从而进入第二个发展阶段。巢穴只能生成变异程度较轻的生物，但大巢穴会生成被称为塞壬和喀戎的特殊类型生物，以及所有位于其中的巢穴先前所生成的潘多拉体子类型。
据推测，大巢穴也具有融合能力，能够转化成一个更大且更危险的结构。

The Argus Array now knows what to listen for, and reveals the Spawnery inside a Lair at the start of a mission.","Les Tanières représentent des colonies de Pandoriens plus grandes et complexes. Selon nos observations, lorsque plusieurs Nids pandoriens entrent en contact, un Nid dominant prend le contrôle des autres, déclenchant son second niveau de développement. Si les Nids ne peuvent produire que des créatures mutantes inférieures, les Tanières, elles, conçoivent des types spécialisés comme les Sirènes et les Chirons, ainsi que les sous-types pandoriens que les Nids incorporés créaient au départ.
D'après nos hypothèses, les Tanières seraient capables de fusionner, créant une structure encore plus importante et dangereuse.

The Argus Array now knows what to listen for, and reveals the Spawnery inside a Lair at the start of a mission.","Zusammenfassung: Diese bemerkenswerte Anlage ist ein lebendiges DNA-Labor, in dem ständig neue Varianten pandoranischer Kreaturen entstehen. Sie produziert eiähnliche Gebilde, die in Pandoranestern ausreifen. Sobald die Brutwächter in einem Nest zerstört sind, gilt es als neutralisiert und wird rasch von den verbliebenen Pandoranern aufgegeben.

Offensive Mutationen: Bisher keine Angriffsfähigkeiten festgestellt.

Defensive Mutationen: Erkennt der Brutwächter Eindringlinge, löst er das sofortige Schlüpfen aller Eier in einem großen Umkreis aus.

Gegenmaßnahmen: Organismus so schnell wie möglich zerstören, sobald er unsere Einsatzkräfte entdeckt, um ein Massenschlüpfen zu verhindern.

The Argus Array now knows what to listen for, and reveals the Spawnery inside a Lair at the start of a mission.","Le tane sono colonie Pandora più grandi e complesse. In base a quanto osservato, quando diversi nidi Pandora vengono a contatto gli uni con gli altri, un nido dominante prende il controllo degli altri ed entra nel secondo livello di sviluppo. Mentre i nidi sono capaci di generare soltanto creature mutate di livello basso, le tane producono tipologie specializzate conosciute come Sirene e Chironi, nonché tutti i sottotipi Pandora che i nidi contenuti creavano precedentemente.
Si ipotizza che le tane siano in grado di fondersi tra loro, dando vita a una struttura ancora più grande e pericolosa.

The Argus Array now knows what to listen for, and reveals the Spawnery inside a Lair at the start of a mission.","Leża to większe i bardziej złożone kolonie Pandoran. Z naszych obserwacji wynika, że gdy kilka gniazd pandorańskich nawiąże ze sobą kontakt, dominujące gniazdo przejmuje kontrolę nad innymi i wchodzi na drugi poziom rozwoju. Podczas gdy w gniazdach mogą się roić tylko mutanty niższego poziomu, w leżach wytwarzane są bardziej wyspecjalizowane typy znane jako Syreny i Chirony, a także wszystkie pandorańskie podtypy, które powstawały wcześniej w gniazdach.
Niektórzy sądzą, że leża mogą się łączyć w jeszcze większe i niebezpieczniejsze struktury.

The Argus Array now knows what to listen for, and reveals the Spawnery inside a Lair at the start of a mission.","Логова представляют из себя более крупные и сложные колонии пандоранов. Наши наблюдения показывают, что при контакте нескольких гнезд пандоранов доминирующее гнездо подчиняет себе остальные и переходит на второй уровень развития. Гнезда могут создавать меньше мутировавших существ; логова создают те же самые подвиды пандоранов, а также специфические существа, называемые Сиренами и Хиронами.
Не исключено, что логова также способны объединяться между собой, образуя еще более крупные и опасные структуры.

The Argus Array now knows what to listen for, and reveals the Spawnery inside a Lair at the start of a mission.","Las guaridas son colonias pandorianas más grandes y complejas. Nuestras observaciones indican que cuando varios nidos pandorianos establecen contacto, el dominante toma el control y pasa al siguiente nivel de desarrollo. A diferencia de los nidos, que solo pueden engendrar criaturas mutadas inferiores, las guaridas producen criaturas especializadas como la Sirena o el Quirón, además de todas los subtipos que el nido podía crear antes.
Se dice que las guaridas pueden fusionarse para crear una estructura todavía más grande y peligrosa.

The Argus Array now knows what to listen for, and reveals the Spawnery inside a Lair at the start of a mission.",
SYN_NIGHTVISION_RESEARCHDEF_COMPLETE_AIRCRAFT_REWORK,Text,,"This system translates a range of visual, thermal and motion data information into a color palette that the human eye can parse. The module is slick and elegant, easily integrated into any helmet and requires no external power supply for use.

The Proteus Matrix reads the new sensor feeds, raising the Perception it grants the squad during a mission's opening turns.","这种系统可将一系列视觉、热能和动作数据转换成一种能够通过肉眼辨别的调色板。模块简洁而光滑，能够轻松安装到所有头盔之中，使用时也无需任何外接电源。

The Proteus Matrix reads the new sensor feeds, raising the Perception it grants the squad during a mission's opening turns.","Ce système traduit un ensemble d'informations de données visuelles, thermiques et motrices à travers une palette de couleurs examinables par l'œil humain. À la fois ingénieux et élégant, le module s’intègre facilement dans un casque et ne nécessite aucune source d'énergie externe.

The Proteus Matrix reads the new sensor feeds, raising the Perception it grants the squad during a mission's opening turns.","Dieses System übersetzt eine Reihe von visuellen, thermischen und Bewegungsdaten in eine Farbpalette, die das menschliche Auge verarbeiten kann. Das Modul ist clever und elegant verarbeitet, lässt sich einfach in jeden Helm integrieren und benötigt für den Einsatz keine externe Stromversorgung.

The Proteus Matrix reads the new sensor feeds, raising the Perception it grants the squad during a mission's opening turns.","Questo sistema trasforma una serie di dati visivi, termici e motori in una gamma di colori che l'occhio umano riesce ad analizzare. Il modulo è snello ed elegante, si incorpora facilmente in ogni elmetto e non necessita di alimentatore esterno.

The Proteus Matrix reads the new sensor feeds, raising the Perception it grants the squad during a mission's opening turns.","System zamienia szereg obrazów oraz danych dotyczących temperatury i ruchu w paletę kolorów zrozumiałą dla ludzkiego oka. Moduł jest kompaktowy i elegancki, może zostać zintegrowany z dowolnym hełmem i nie wymaga zewnętrznego źródła zasilania.

The Proteus Matrix reads the new sensor feeds, raising the Perception it grants the squad during a mission's opening turns.","Эта система переводит ряд визуальных, тепловых и моторных данных в цветовую палитру, которую может считывать человеческий глаз. Модуль обладает элегантной конструкцией, легко встраивается в любой шлем и не требует внешнего источника питания.

The Proteus Matrix reads the new sensor feeds, raising the Perception it grants the squad during a mission's opening turns.","Este sistema traduce una serie de información visual, térmica y de movimiento en una paleta de colores que el ojo humano es capaz de analizar. El módulo es elegante y se integra con facilidad en cualquier casco. Además, no necesita ninguna fuente de alimentación externa.

The Proteus Matrix reads the new sensor feeds, raising the Perception it grants the squad during a mission's opening turns.",
SYN_VENOMBOLT_RESEARCHDEF_COMPLETE_AIRCRAFT_REWORK,Text,,"Combining standard crossbow bolts with the new toxins has proven to be a more tedious task that originally suggested. After spending hours perfecting a bolthead dispersal mechanism, the research team decided it would be easier to create a new type of crossbow, using lightweight carbonfibre and an automated winch. The model has proven efficient in tests and is ready for mass production. No Synedrion animals or people have been fatally harmed during in the course of research.

The Panacea Nexus borrows the delivery mechanism: vest effects are increased by 50% for everyone aboard a Helios carrying one.","将全新的毒素应用到十字弩矢之中。事实证明，这项工作比预想之中还要冗长乏味。在花费了数个小时完善弩箭头的分散机制之后，研究团队一致认为利用轻量碳纤维和自动曲柄能够更加简便地创造出一种新型十字弩。该模块在测试中展现出了很高的效率，已经准备好投入大规模生产。在研究过程中，没有任何平衡议会的动物或人类受到致命的伤害。

The Panacea Nexus borrows the delivery mechanism: vest effects are increased by 50% for everyone aboard a Helios carrying one.","Combiner des carreaux d'arbalète standard avec les nouvelles toxines s'est avéré être une tâche plus laborieuse que nous le pensions. Après des heures de travail passées à perfectionner le mécanisme de dispersion des carreaux, l'équipe de recherche a décidé qu'il serait plus simple de créer un nouveau type d'arbalète à l'aide de fibres de carbone légères et d'un treuil automatisé. Ce modèle a déjà fait ses preuves durant la phase de test et est prêt à être produit en masse. Aucun animal ou membre du Synédrion n'a été mortellement blessé au cours des recherches.

The Panacea Nexus borrows the delivery mechanism: vest effects are increased by 50% for everyone aboard a Helios carrying one.","Die Kombination aus gewöhnlichen Armbrustbolzen und den neuen Toxinen hat sich als mühsamer herausgestellt als ursprünglich angenommen. Nachdem das Forschungsteam stundenlang damit verbracht hatte, einen Schraubkopf-Dispersionsmechanismus zu perfektionieren, wurde entschieden, dass es leichter sei, eine neue Art von Armbrust aus leichter Kohlefaser und mit einer automatisierten Winde zu entwickeln. Das Modell hat sich in Test als effizient erwiesen und ist bereit für die Massenproduktion. Während der Forschungsarbeiten kam es zu keinerlei tödlichen Verletzungen bei Mensch und Tier.

The Panacea Nexus borrows the delivery mechanism: vest effects are increased by 50% for everyone aboard a Helios carrying one.","Combinare i normali dardi da balestra con le nuove tossine è risultato un compito ben più ingrato di quanto non si pensasse. Dopo ore passate a perfezionare un meccanismo di dispersione sulla punta, il team di ricerca ha pensato che fosse più facile creare un nuovo tipo di balestra, usando fibra di carbonio ultraleggera a ricarica automatica. Il modello ha superato brillantemente i test ed è pronto per la produzione in serie. Nessun animale o persona di Synedrion è stata ferita in maniera letale durante il corso di questa ricerca.

The Panacea Nexus borrows the delivery mechanism: vest effects are increased by 50% for everyone aboard a Helios carrying one.","Połączenie standardowych bełtów do kuszy z nowymi toksynami okazało się znacznie trudniejsze, niż oczekiwano. Pomimo wielu godzin spędzonych na dopracowywaniu mechanizmu rozpraszania trucizny na powierzchni grotu badacze postanowili ostatecznie, że łatwiej byłoby stworzyć nowy typ kuszy wykorzystujący lekkie włókno węglowe i automatyczny kołowrót. Model przeszedł testy pomyślnie i jest gotowy do masowej produkcji. Żadne zwierzęta ani ludzie Synedrionu nie ponieśli śmiertelnych obrażeń w trakcie prac nad tą bronią.

The Panacea Nexus borrows the delivery mechanism: vest effects are increased by 50% for everyone aboard a Helios carrying one.","Совмещение стандартных арбалетных стрел с новыми ядами оказалось более банальной задачей, чем показалось на первый взгляд. Проводя часы за совершенствованием механизма выпуска стрел, исследовательская группа решила, что будет проще создать новый тип арбалета из легкого углеродного волокна и автоматизированной лебедки. Модель доказала свою эффективность в испытаниях и готова к серийному производству. Ни одно животное и ни один житель Синедриона не пострадал в ходе исследования.

The Panacea Nexus borrows the delivery mechanism: vest effects are increased by 50% for everyone aboard a Helios carrying one.","Incorporar las nuevas toxinas a los cuadrillos de ballesta estándar es una tarea mucho más ardua de lo que se creía en un primer momento. Tras invertir largas horas perfeccionando un mecanismo de dispersión de cabezales, el equipo de investigación ha concluido que es más fácil crear un nuevo tipo de ballesta con fibra de carbono ligera y una manivela automatizada. El modelo ha demostrado ser eficiente en las pruebas realizadas, por lo que está listo para producirse en masa. Ningún habitante o animal de Synedrion ha sufrido lesiones mortales durante el proceso de investigación.

The Panacea Nexus borrows the delivery mechanism: vest effects are increased by 50% for everyone aboard a Helios carrying one.",
ANU_ADVANCEDBLIMP_RESEARCHDEF_BENEFITS_AIRCRAFT_REWORK,Text,,Anu Tiamat range has been increased by 25%. Bioflux Assimilator raised to the next tier.,安努迪亚马特射程提高了 25%。. Bioflux Assimilator raised to the next tier.,La portée d'Anu Tiamat a été augmentée de 25 %. Bioflux Assimilator raised to the next tier.,Die Reichweite des Anu-Tiamat wurde um 25% erhöht. Bioflux Assimilator raised to the next tier.,La portata del Tiamat Anu viene aumentata del 25%. Bioflux Assimilator raised to the next tier.,Zasięg Tiamaty Anu został zwiększony o 25%. Bioflux Assimilator raised to the next tier.,Дальность полета «Тиамата» Ану увеличена на 25%. Bioflux Assimilator raised to the next tier.,El alcance del Tiamat Anu aumenta un 25 %. Bioflux Assimilator raised to the next tier.,
ANU_ANUFUNGUSFOOD_RESEARCHDEF_BENEFITS_AIRCRAFT_REWORK,Text,,Output of Food Production facilities increased by around 50%. Conservatory of Transmutation raised to the next tier.,食品生产设施可用于建设菲尼克斯基地。. Conservatory of Transmutation raised to the next tier.,La production des installations alimentaires a été augmentée d’environ 50 %. Conservatory of Transmutation raised to the next tier.,Der Ertrag der Nahrungsproduktion steigt um rund 50%. Conservatory of Transmutation raised to the next tier.,L'impianto di produzione di cibo è disponibile per la costruzione nelle basi Phoenix. Conservatory of Transmutation raised to the next tier.,Wydajność placówek Produkcji Żywności zwiększona o około 50%. Conservatory of Transmutation raised to the next tier.,Производительность пищевых комбинатов увеличилась примерно на 50%. Conservatory of Transmutation raised to the next tier.,La producción de las instalaciones de producción de alimentos aumentó alrededor del 50%. Conservatory of Transmutation raised to the next tier.,
ANU_ANUPRIEST_RESEARCHDEF_BENEFITS_AIRCRAFT_REWORK,Text,,Priest soldier class now available. Sanctum of the Veil grants Shroud of Paradox: non-Pandorans that touch Mist become revealed.,牧师兵种现已可用。. Sanctum of the Veil grants Shroud of Paradox: non-Pandorans that touch Mist become revealed.,Les soldats de la classe prêtre sont désormais disponibles. Sanctum of the Veil grants Shroud of Paradox: non-Pandorans that touch Mist become revealed.,Die Soldatenklasse der Priester steht jetzt zur Verfügung. Sanctum of the Veil grants Shroud of Paradox: non-Pandorans that touch Mist become revealed.,Il soldato classe Sacerdote è ora disponibile. Sanctum of the Veil grants Shroud of Paradox: non-Pandorans that touch Mist become revealed.,Od teraz masz dostęp do żołnierzy-kapłanów. Sanctum of the Veil grants Shroud of Paradox: non-Pandorans that touch Mist become revealed.,Теперь доступен боевой класс «Священник». Sanctum of the Veil grants Shroud of Paradox: non-Pandorans that touch Mist become revealed.,La clase de soldado sacerdote ya está disponible. Sanctum of the Veil grants Shroud of Paradox: non-Pandorans that touch Mist become revealed.,
NJ_BIONICS2_RESEARCHDEF_BENEFITS_AIRCRAFT_REWORK,Text,,"Cybernetics Lab facility and additional designs. Hephaestus Workshop raised to the next tier, and bionics repair costs fall by 33%.","神经机械实验室附加设计设施。. Hephaestus Workshop raised to the next tier, and bionics repair costs fall by 33%.","Laboratoire de cybernétique et designs supplémentaires. Hephaestus Workshop raised to the next tier, and bionics repair costs fall by 33%.","Kybernetiklabor und zusätzliche Baupläne. Hephaestus Workshop raised to the next tier, and bionics repair costs fall by 33%.","Laboratori di cibernetica e progetti aggiuntivi. Hephaestus Workshop raised to the next tier, and bionics repair costs fall by 33%.","Dodatkowe rozwiązania dzięki laboratorium cybernetyki. Hephaestus Workshop raised to the next tier, and bionics repair costs fall by 33%.","Лаборатория кибернетики и дополнительные проекты. Hephaestus Workshop raised to the next tier, and bionics repair costs fall by 33%.","Instalación de laboratorio cibernético y diseños adicionales. Hephaestus Workshop raised to the next tier, and bionics repair costs fall by 33%.",
NJ_SATELITEUPLINK_RESEARCHDEF_BENEFITS_AIRCRAFT_REWORK,Text,,"Scanning range of Phoenix Bases is increased by 25%. Argus Array scan range increased by 1000, and a higher chance to detect Pandoran colonies after an attack on a Haven.","凤凰基地的扫描范围扩大 25%. Argus Array scan range increased by 1000, and a higher chance to detect Pandoran colonies after an attack on a Haven.","Le rayon de balayage des bases Phoenix est augmenté de 25 %. Argus Array scan range increased by 1000, and a higher chance to detect Pandoran colonies after an attack on a Haven.","Scanreichweite der Phoenix-Basen wird um 25% erhöht. Argus Array scan range increased by 1000, and a higher chance to detect Pandoran colonies after an attack on a Haven.","L'area di scansione delle basi Phoenix è aumentata del 25%. Argus Array scan range increased by 1000, and a higher chance to detect Pandoran colonies after an attack on a Haven.","Zasięg skanowania baz Phoenix wzrasta o 25%. Argus Array scan range increased by 1000, and a higher chance to detect Pandoran colonies after an attack on a Haven.","Радиус сканирования баз Проекта Феникс увеличивается на 25%. Argus Array scan range increased by 1000, and a higher chance to detect Pandoran colonies after an attack on a Haven.","El rango de escaneo de las bases Fénix aumenta en un 25 %. Argus Array scan range increased by 1000, and a higher chance to detect Pandoran colonies after an attack on a Haven.",
PX_ADVANCEDACIDTECH_RESEARCHDEF_BENEFITS_AIRCRAFT_REWORK,Text,,Acid weapons efficiency increased by 20%. Bioflux Assimilator raised to the next tier.,酸蚀武器效率提高 20%。. Bioflux Assimilator raised to the next tier.,Efficacité des armes caustiques augmentée de 20 %. Bioflux Assimilator raised to the next tier.,Die Effizienz von Säurewaffen wurde um 20% erhöht. Bioflux Assimilator raised to the next tier.,L'efficienza delle armi acide viene aumentata del 20%. Bioflux Assimilator raised to the next tier.,Zwiększono skuteczność broni kwasowej o 20%. Bioflux Assimilator raised to the next tier.,Эффективность кислотного оружия увеличена на 20%. Bioflux Assimilator raised to the next tier.,La eficiencia de las armas ácidas aumenta un 20 %. Bioflux Assimilator raised to the next tier.,
PX_ALIEN_CITADEL_RESEARCHDEF_BENEFITS_AIRCRAFT_REWORK,Text,,"Area Scans will now detect Pandoran colonies. The Argus Array detects them too, once Satellite Uplink Research is complete.","地区扫描即将发现潘多拉殖民地. The Argus Array detects them too, once Satellite Uplink Research is complete.","Le Balayage de zone détecte maintenant les colonies Pandoriennes. The Argus Array detects them too, once Satellite Uplink Research is complete.","Gebietsscans erkennen ab sofort Pandoraner-Kolonien. The Argus Array detects them too, once Satellite Uplink Research is complete.","Le Scansioni area rileveranno anche le colonie Pandora. The Argus Array detects them too, once Satellite Uplink Research is complete.","Skany obszarowe będą od teraz wykrywać Pandorańskie kolonie. The Argus Array detects them too, once Satellite Uplink Research is complete.","Сканирование территории теперь позволяет обнаружить колонии пандоранов. The Argus Array detects them too, once Satellite Uplink Research is complete.","Escaneos de áreas ahora detectarán colonias Pandorianas. The Argus Array detects them too, once Satellite Uplink Research is complete.",
PX_ALIEN_LIVEACHERON_RESEARCHDEF_BENEFITS_AIRCRAFT_REWORK,Text,,"Damage inflicted on Acherons is increased by 10%.
Improves Hazmat vest, +15% Resistance vs special damages and +2 Armor. Hephaestus Workshop reduces Acid by 20 instead of 10 per turn on bionic body parts and vehicles.",对地狱战士造成的伤害提高 10%。. Hephaestus Workshop reduces Acid by 20 instead of 10 per turn on bionic body parts and vehicles.,"Les dégâts infligés aux Acherons sont augmentés de 10 %.
Améliore le Gilet Hazmat : +15 % de résistance contre les dégâts spéciaux et +2 d'armure. Hephaestus Workshop reduces Acid by 20 instead of 10 per turn on bionic body parts and vehicles.","Der Schaden gegen Acherons wird um 10% erhöht.
Verbessert die ABC-Weste: +15% Widerstand gegen Spezialschaden und +2 Rüstung. Hephaestus Workshop reduces Acid by 20 instead of 10 per turn on bionic body parts and vehicles.",I danni inflitti agli Acheron sono aumentati del 10%. Hephaestus Workshop reduces Acid by 20 instead of 10 per turn on bionic body parts and vehicles.,"Obrażenia zadawane Acheronom zwiększone o 10%.
Ulepsza kamizelkę Hazmat: +15% odporności na obrażenia specjalne i +2 pancerza. Hephaestus Workshop reduces Acid by 20 instead of 10 per turn on bionic body parts and vehicles.","Урон, наносимый по Ахеронам, увеличивается на 10%. 
Улучшение Костюма химзащиты: +15% устойчивость к различным видам повреждений и +2 Брони. Hephaestus Workshop reduces Acid by 20 instead of 10 per turn on bionic body parts and vehicles.",El daño a los Acherones aumenta un 10%. Hephaestus Workshop reduces Acid by 20 instead of 10 per turn on bionic body parts and vehicles.,
SYN_BIONICS3_RESEARCHDEF_BENEFITS_AIRCRAFT_REWORK,Text,,"Cybernetics Lab facility and additional designs. Hephaestus Workshop raised to the next tier, and bionics repair costs fall by 66%.","神经机械实验室附加设计设施。. Hephaestus Workshop raised to the next tier, and bionics repair costs fall by 66%.","Laboratoire de cybernétique et designs supplémentaires. Hephaestus Workshop raised to the next tier, and bionics repair costs fall by 66%.","Kybernetiklabor und zusätzliche Baupläne. Hephaestus Workshop raised to the next tier, and bionics repair costs fall by 66%.","Laboratori di cibernetica e progetti aggiuntivi. Hephaestus Workshop raised to the next tier, and bionics repair costs fall by 66%.","Dodatkowe rozwiązania dzięki laboratorium cybernetyki. Hephaestus Workshop raised to the next tier, and bionics repair costs fall by 66%.","Лаборатория кибернетики и дополнительные проекты. Hephaestus Workshop raised to the next tier, and bionics repair costs fall by 66%.","Instalación de laboratorio cibernético y diseños adicionales. Hephaestus Workshop raised to the next tier, and bionics repair costs fall by 66%.",
SYN_FUSIONCELLTECH_RESEARCHDEF_BENEFITS_AIRCRAFT_REWORK,Text,,Power plant energy production is increased by 50%. Helios aircraft gain additional speed.,电厂能量产量提升 50%。. Helios aircraft gain additional speed.,La production d'énergie des centrales augmente de 50 %. Helios aircraft gain additional speed.,Die Energieerzeugung von Kraftwerken steigt um 50%. Helios aircraft gain additional speed.,La produzione delle strutture di Generazione di energia viene aumentata del 50%. Helios aircraft gain additional speed.,Ilość energii wytwarzana przez elektrownię wzrasta o 50%. Helios aircraft gain additional speed.,Производство энергии на электростанциях увеличено на 50%. Helios aircraft gain additional speed.,La producción de la planta de energía aumenta un 50 %. Helios aircraft gain additional speed.,
SYN_INFILTRATORTECH_RESEARCHDEF_BENEFITS_AIRCRAFT_REWORK,Text,,"Infiltrator soldier class now available. Proteus Matrix raised to the next tier, increasing the Stealth it grants.","渗透者士兵现已可用。. Proteus Matrix raised to the next tier, increasing the Stealth it grants.","Les soldats de la classe Infiltré sont désormais disponibles. Proteus Matrix raised to the next tier, increasing the Stealth it grants.","Infiltrator-Soldatenklasse jetzt verfügbar. Proteus Matrix raised to the next tier, increasing the Stealth it grants.","Il soldato classe Infiltratore è ora disponibile. Proteus Matrix raised to the next tier, increasing the Stealth it grants.","Od teraz masz dostęp do klasy infiltratorów. Proteus Matrix raised to the next tier, increasing the Stealth it grants.","Теперь доступен боевой класс «Разведчик». Proteus Matrix raised to the next tier, increasing the Stealth it grants.","La clase de infiltrador ya está disponible. Proteus Matrix raised to the next tier, increasing the Stealth it grants.",
SYN_NANOHEALING_RESEARCHDEF_BENEFITS_AIRCRAFT_REWORK,Text,,Medical Bay healing at bases increased by 50% and +20 healing bonus in battle. Panacea Nexus heals and restores Stamina faster.,基地医疗室的治疗效果提高 50%，战斗中治疗加成效果提高 20. Panacea Nexus heals and restores Stamina faster.,La guérison de la station médicale est augmentée de 50 % et + 20 bonus de guérison en combat. Panacea Nexus heals and restores Stamina faster.,Erhöht die Heilung auf Krankenstationen um 50% und gewährt +20 Heilung im Kampf. Panacea Nexus heals and restores Stamina faster.,La cura presso le Infermerie delle basi aumenta del 50% e ottieni +20 bonus cura in battaglia. Panacea Nexus heals and restores Stamina faster.,"Leczenie w ambulatoriach w bazie zwiększone o 50%, oraz +20 premii do leczenia w walce. Panacea Nexus heals and restores Stamina faster.",Лечение в медпунктах баз увеличено на 50%. Лечение в бою увеличено на 20 единиц. Panacea Nexus heals and restores Stamina faster.,La curación de la Enfermería aumenta un 50% y hay un +20 de curación en batalla. Panacea Nexus heals and restores Stamina faster.,
SYN_NANOTECH_RESEARCHDEF_BENEFITS_AIRCRAFT_REWORK,Text,,Allows manufacturing Nanotech Fieldkit. Panacea Nexus begins healing operatives and restoring their Stamina in flight.,无视每次攻击附带的首次毒性、病毒、酸蚀和火焰伤害。. Panacea Nexus begins healing operatives and restoring their Stamina in flight.,Débloque la fabrication du Kit de terrain et du gilet nanotechnologiques. Panacea Nexus begins healing operatives and restoring their Stamina in flight.,Ermöglicht die Produktion von Nanotechnik-Einsatzkit und -Schutzweste. Panacea Nexus begins healing operatives and restoring their Stamina in flight.,"Rende nullo il primo punto di danno causato da veleno, virus, acido e fuoco in ogni attacco. Panacea Nexus begins healing operatives and restoring their Stamina in flight.",Umożliwia produkcję nanotechnicznego zestawu polowego i kamizelki. Panacea Nexus begins healing operatives and restoring their Stamina in flight.,Позволяет производить Ремонтного Нанодроида и Нано-Бронежилет. Panacea Nexus begins healing operatives and restoring their Stamina in flight.,Permite la fabricación de kits de campo y chalecos nanotecnológicos. Panacea Nexus begins healing operatives and restoring their Stamina in flight.,
SYN_SAFEZONEPROJECT_RESEARCHDEF_BENEFITS_AIRCRAFT_REWORK,Text,,"Pandoran Colonies within range of Mist Repellers suffer a 20% reduction in global attack strength vs Havens, and Pandoran attacks vs Phoenix Bases within range of Mist Repellers take twice as long to be launched. Proteus Matrix raised to its final tier, increasing the Stealth it grants.","位于散雾器范围内的敌方基地的总体攻击力减少 20%。. Proteus Matrix raised to its final tier, increasing the Stealth it grants.","Les colonies pandoriennes situées à portée des Répulseurs de Brume subissent une réduction de 20 % de leur puissance d’attaque globale contre les Havens, et les attaques pandoriennes contre les bases Phoenix situées à portée des Répulseurs de Brume mettent deux fois plus de temps à être lancées. Proteus Matrix raised to its final tier, increasing the Stealth it grants.","Pandoranische Kolonien, die sich in Reichweite von Nebelabwehranlagen befinden, erleiden eine um 20% verringerte globale Angriffsstärke gegen Zufluchte, und pandoranische Angriffe gegen Phönixbasen, die sich in Reichweite von Nebelabwehranlagen befinden, benötigen doppelt so lange, um gestartet zu werden. Proteus Matrix raised to its final tier, increasing the Stealth it grants.","Le basi nemiche all'interno della portata del Repellente per bruma subiscono una diminuzione del 20% nella forza globale d'attacco. Proteus Matrix raised to its final tier, increasing the Stealth it grants.","Kolonie Pandora znajdujące się w zasięgu Odpędzaczy Mgły cierpią na 20% redukcję globalnej siły ataku przeciw przystaniom, a ataki Pandora na bazy Phoenix w zasięgu Odpędzaczy Mgły trwają dwa razy dłużej, zanim zostaną uruchomione. Proteus Matrix raised to its final tier, increasing the Stealth it grants.","В зоне действия Противотуманного Комплекса колонии Пандоранов получают штраф 20% к силе нападения на убежища, а атаки на базы Феникса готовятся в два раза дольше по времени. Proteus Matrix raised to its final tier, increasing the Stealth it grants.","Las colonias Pandoras dentro del alcance de los repelentes de Niebla sufren una reducción del 20 % en la fuerza de ataque global contra los refugios, y los ataques Pandoras contra las bases Phoenix dentro del alcance de los repelentes de Niebla tardan el doble en lanzarse. Proteus Matrix raised to its final tier, increasing the Stealth it grants.",
